Time,Context,ABATILLES PLATES,ABATILLES RED,AVECESAR,BADOIT 33cl,BAILEYS,BIERE SANS GLUTEN,Boisson Rouge,BRIE,CAFEGOURMAND,CAFEGOURMANDMENU,CAPPUCCINO,CHAMPAGNE BOUTEILLE,CHAMPAGNE COUPE,CHOCOLAT,COCA,COCA ZERO,Cocktail Saint Valentin alcoolisé,Cocktail Saint Valentin sans alcool,COMPOTEE CERISE NOIRE,Crème au bleu,CREME POIVRE VERT,CREMEBRULEE,CROQUANT,DECA,DESPERADOS,Dessert du jour,Domaine La Colombette Rosé,DOUBLE EXPRESSO,DUOSALADE,EVIAN,EXPRESSO,FRAICHEUR,FUMAX,GATEAUCAROTTE,GET,GIN,GRIMBERGEN,GROSSEFRITE,HAMBOURGEOIS DU MOMENT,HAMBOURGEOIS DU MOMENT MENU,HAMPE,HOEGGARDEN,INFUSION,JUS FRUIT MAISON,KEKETTE EXTRA,KEKETTE RED,KIR,LATTE MACCHIATTO,LILLET,MALIBU,MARTINI,MAX CUVEE ,MAXCHAMPETRE,MAXCHAMPETRE MENU,MAXCOCOTTE,MAXCOCOTTE MENU,MAXHALEINE,MAXHALEINE MENU,MAXIFLETTE,MAXIFLETTE MENU,MAXINUS,MAXINUS MENU,MAXNAUDOU,MAXNAUDOU MENU,MAXPARTOUT,MAXPARTOUT MENU,MAXPOUSSIN,MAXYONNAISE,MENU HAMBOURGEOIS,MENU PLAT,MINIMAX,MOKACCINO,MOUFLET,MOUSSECHOCO,NUGGETS,OASIS,ORANGINA,PAPOLLE BLANC MOEL,PAPOLLE BLANC SEC,PAPOLLE ROSE,PAPOLLE ROUGE,PASTIS,PATATEDOUCE,PELFORTH,PESTO,PICHET PUNCH,PICHET SANGRIA,PINEAU,PINT PELFORTH,PLANTAMAX,PLANTAMAX MENU,PLAT DU MOMENT,PORTO,PUNCH Maison,RED BULL,RHUM,RHUM ARRANGE,RICARD,SALADEASIAT,SANGRIA,SAUCE BARBECUE,Sauce Forestière,SAUCE POIVRE,SAUMON,SCHWEPPES,SIROP,SOUPEFRUIT,TAPAS,TARTARE,TEQUILA,THE,THE GLACE,TOURISTE,Verre de Boisson Rouge,Verre de Bordeaux Rouge Agape,VERRE MAX CUVEE,VERRE PAPOLLE BLANC MOEL,VERRE PAPOLLE BLANC SEC,VERRE PAPOLLE ROSE,VERRE PAPOLLE ROUGE,Verre Rosé la Colombette,VODKA,WHISKY,XAMAX,XAMAX MENU
2018-11-05 15:00:00,Context_7,0.0013908179894051571,0.004172453968215471,0.0055632719576206285,0.004172453968215471,6.54803840356452e-05,6.54803840356452e-05,6.54803840356452e-05,0.0055632719576206285,0.025034723809292826,0.011126543915241257,6.54803840356452e-05,6.54803840356452e-05,6.54803840356452e-05,6.54803840356452e-05,0.0194714518516722,0.0013908179894051571,6.54803840356452e-05,6.54803840356452e-05,0.0013908179894051571,0.023643905819887668,6.54803840356452e-05,0.016689815872861884,0.01808063386226704,0.0097357259258361,0.0013908179894051571,6.54803840356452e-05,6.54803840356452e-05,6.54803840356452e-05,0.015298997883456731,0.0027816359788103142,0.019471451851672195,0.0027816359788103147,0.0013908179894051571,0.0055632719576206285,6.54803840356452e-05,6.54803840356452e-05,0.008344907936430942,0.1043113492053868,0.012517361904646414,6.54803840356452e-05,0.001390817989405157,0.0055632719576206285,0.0013908179894051571,0.01808063386226704,0.004172453968215471,0.0027816359788103142,6.54803840356452e-05,0.0013908179894051571,0.0013908179894051571,6.54803840356452e-05,0.0027816359788103142,0.004172453968215471,0.013908179894051572,6.54803840356452e-05,0.008344907936430944,6.54803840356452e-05,0.006954089947025786,0.0027816359788103142,0.06815008148085269,0.0027816359788103142,0.03616126772453408,0.0027816359788103142,0.008344907936430942,0.004172453968215471,0.026425541798697983,0.0027816359788103142,0.0013908179894051571,0.013908179894051569,0.02086226984107736,0.005563271957620629,0.008344907936430942,6.54803840356452e-05,0.02086226984107736,0.026425541798697983,0.020862269841077356,0.011126543915241257,0.006954089947025786,0.0027816359788103142,6.54803840356452e-05,0.0013908179894051573,0.0013908179894051571,6.54803840356452e-05,0.10570216719479192,0.006954089947025784,0.0013908179894051571,6.54803840356452e-05,6.54803840356452e-05,0.0013908179894051571,0.008344907936430942,0.008344907936430942,6.54803840356452e-05,0.0013908179894051571,0.0027816359788103142,0.004172453968215471,0.0013908179894051571,6.54803840356452e-05,6.54803840356452e-05,0.0013908179894051571,0.008344907936430942,0.0013908179894051571,0.016689815872861884,6.54803840356452e-05,0.022253087830482517,0.0027816359788103142,0.005563271957620629,0.0027816359788103147,0.013908179894051572,0.006954089947025786,0.0097357259258361,6.54803840356452e-05,6.54803840356452e-05,0.023643905819887668,0.0027816359788103147,0.0027816359788103142,6.54803840356452e-05,0.004172453968215471,0.0097357259258361,0.0027816359788103142,0.004172453968215471,0.006954089947025786,6.54803840356452e-05,6.54803840356452e-05,0.0027816359788103142,0.013908179894051569,0.0027816359788103142
2018-11-05 16:00:00,Context_7,0.0013908179894051571,0.004172453968215471,0.0055632719576206285,0.004172453968215471,6.54803840356452e-05,6.54803840356452e-05,6.54803840356452e-05,0.0055632719576206285,0.025034723809292826,0.011126543915241257,6.54803840356452e-05,6.54803840356452e-05,6.54803840356452e-05,6.54803840356452e-05,0.0194714518516722,0.0013908179894051571,6.54803840356452e-05,6.54803840356452e-05,0.0013908179894051571,0.023643905819887668,6.54803840356452e-05,0.016689815872861884,0.01808063386226704,0.0097357259258361,0.0013908179894051571,6.54803840356452e-05,6.54803840356452e-05,6.54803840356452e-05,0.015298997883456731,0.0027816359788103142,0.019471451851672195,0.0027816359788103147,0.0013908179894051571,0.0055632719576206285,6.54803840356452e-05,6.54803840356452e-05,0.008344907936430942,0.1043113492053868,0.012517361904646414,6.54803840356452e-05,0.001390817989405157,0.0055632719576206285,0.0013908179894051571,0.01808063386226704,0.004172453968215471,0.0027816359788103142,6.54803840356452e-05,0.0013908179894051571,0.0013908179894051571,6.54803840356452e-05,0.0027816359788103142,0.004172453968215471,0.013908179894051572,6.54803840356452e-05,0.008344907936430944,6.54803840356452e-05,0.006954089947025786,0.0027816359788103142,0.06815008148085269,0.0027816359788103142,0.03616126772453408,0.0027816359788103142,0.008344907936430942,0.004172453968215471,0.026425541798697983,0.0027816359788103142,0.0013908179894051571,0.013908179894051569,0.02086226984107736,0.005563271957620629,0.008344907936430942,6.54803840356452e-05,0.02086226984107736,0.026425541798697983,0.020862269841077356,0.011126543915241257,0.006954089947025786,0.0027816359788103142,6.54803840356452e-05,0.0013908179894051573,0.0013908179894051571,6.54803840356452e-05,0.10570216719479192,0.006954089947025784,0.0013908179894051571,6.54803840356452e-05,6.54803840356452e-05,0.0013908179894051571,0.008344907936430942,0.008344907936430942,6.54803840356452e-05,0.0013908179894051571,0.0027816359788103142,0.004172453968215471,0.0013908179894051571,6.54803840356452e-05,6.54803840356452e-05,0.0013908179894051571,0.008344907936430942,0.0013908179894051571,0.016689815872861884,6.54803840356452e-05,0.022253087830482517,0.0027816359788103142,0.005563271957620629,0.0027816359788103147,0.013908179894051572,0.006954089947025786,0.0097357259258361,6.54803840356452e-05,6.54803840356452e-05,0.023643905819887668,0.0027816359788103147,0.0027816359788103142,6.54803840356452e-05,0.004172453968215471,0.0097357259258361,0.0027816359788103142,0.004172453968215471,0.006954089947025786,6.54803840356452e-05,6.54803840356452e-05,0.0027816359788103142,0.013908179894051569,0.0027816359788103142
2018-11-05 17:00:00,Context_2,0.0024527726118573705,0.0024527726118573705,0.0012263863059286853,0.0024527726118573705,6.54803840356452e-05,6.54803840356452e-05,6.54803840356452e-05,0.006131931529643426,0.029433271342288445,0.009811090447429482,0.0012263863059286853,6.54803840356452e-05,0.0012263863059286853,0.002452772611857371,0.02084856720078765,0.011037476753358168,6.54803840356452e-05,6.54803840356452e-05,0.0012263863059286853,0.008584704141500796,0.0012263863059286853,0.0171694082830016,0.013490249365215541,0.0036791589177860564,0.0012263863059286853,6.54803840356452e-05,0.0012263863059286853,6.54803840356452e-05,0.012263863059286857,0.0036791589177860564,0.028206885036359763,0.0012263863059286855,0.007358317835572111,0.003679158917786057,6.54803840356452e-05,6.54803840356452e-05,0.0012263863059286853,0.12141224428693985,0.013490249365215541,6.54803840356452e-05,0.013490249365215541,0.0024527726118573705,0.0036791589177860564,0.022074953506716337,0.0012263863059286853,0.0036791589177860564,6.54803840356452e-05,0.0012263863059286853,0.0012263863059286853,0.0012263863059286853,0.0024527726118573705,0.0012263863059286853,0.007358317835572113,6.54803840356452e-05,0.0171694082830016,0.0036791589177860564,0.008584704141500797,0.0024527726118573705,0.03924436178971793,0.008584704141500797,0.01839579458893028,0.0036791589177860564,0.013490249365215536,6.54803840356452e-05,0.026980498730431082,0.0036791589177860564,0.007358317835572113,0.01594302197707291,0.040470748095646616,0.007358317835572113,0.014716635671144222,6.54803840356452e-05,0.01594302197707291,0.03433881656600319,0.01962218089485896,0.013490249365215541,0.007358317835572111,6.54803840356452e-05,6.54803840356452e-05,6.54803840356452e-05,0.0024527726118573705,0.0012263863059286853,0.0760359509675785,0.013490249365215541,0.0012263863059286853,6.54803840356452e-05,6.54803840356452e-05,6.54803840356452e-05,0.0036791589177860564,0.004905545223714742,0.006131931529643426,0.0024527726118573705,6.54803840356452e-05,0.02084856720078765,0.0012263863059286853,0.0012263863059286853,6.54803840356452e-05,6.54803840356452e-05,0.012263863059286857,0.0012263863059286853,0.020848567200787645,6.54803840356452e-05,0.0085847041415008,0.006131931529643426,0.0036791589177860564,0.0036791589177860564,0.02820688503635977,0.006131931529643427,0.006131931529643426,0.0012263863059286853,0.004905545223714742,0.02452772611857371,0.002452772611857371,6.54803840356452e-05,6.54803840356452e-05,0.006131931529643426,0.0024527726118573705,0.0036791589177860564,0.002452772611857371,0.0036791589177860564,0.004905545223714741,0.0012263863059286853,6.54803840356452e-05,0.007358317835572111,0.0036791589177860564
2018-11-05 18:00:00,Context_7,0.0013908179894051571,0.004172453968215471,0.0055632719576206285,0.004172453968215471,6.54803840356452e-05,6.54803840356452e-05,6.54803840356452e-05,0.0055632719576206285,0.025034723809292826,0.011126543915241257,6.54803840356452e-05,6.54803840356452e-05,6.54803840356452e-05,6.54803840356452e-05,0.0194714518516722,0.0013908179894051571,6.54803840356452e-05,6.54803840356452e-05,0.0013908179894051571,0.023643905819887668,6.54803840356452e-05,0.016689815872861884,0.01808063386226704,0.0097357259258361,0.0013908179894051571,6.54803840356452e-05,6.54803840356452e-05,6.54803840356452e-05,0.015298997883456731,0.0027816359788103142,0.019471451851672195,0.0027816359788103147,0.0013908179894051571,0.0055632719576206285,6.54803840356452e-05,6.54803840356452e-05,0.008344907936430942,0.1043113492053868,0.012517361904646414,6.54803840356452e-05,0.001390817989405157,0.0055632719576206285,0.0013908179894051571,0.01808063386226704,0.004172453968215471,0.0027816359788103142,6.54803840356452e-05,0.0013908179894051571,0.0013908179894051571,6.54803840356452e-05,0.0027816359788103142,0.004172453968215471,0.013908179894051572,6.54803840356452e-05,0.008344907936430944,6.54803840356452e-05,0.006954089947025786,0.0027816359788103142,0.06815008148085269,0.0027816359788103142,0.03616126772453408,0.0027816359788103142,0.008344907936430942,0.004172453968215471,0.026425541798697983,0.0027816359788103142,0.0013908179894051571,0.013908179894051569,0.02086226984107736,0.005563271957620629,0.008344907936430942,6.54803840356452e-05,0.02086226984107736,0.026425541798697983,0.020862269841077356,0.011126543915241257,0.006954089947025786,0.0027816359788103142,6.54803840356452e-05,0.0013908179894051573,0.0013908179894051571,6.54803840356452e-05,0.10570216719479192,0.006954089947025784,0.0013908179894051571,6.54803840356452e-05,6.54803840356452e-05,0.0013908179894051571,0.008344907936430942,0.008344907936430942,6.54803840356452e-05,0.0013908179894051571,0.0027816359788103142,0.004172453968215471,0.0013908179894051571,6.54803840356452e-05,6.54803840356452e-05,0.0013908179894051571,0.008344907936430942,0.0013908179894051571,0.016689815872861884,6.54803840356452e-05,0.022253087830482517,0.0027816359788103142,0.005563271957620629,0.0027816359788103147,0.013908179894051572,0.006954089947025786,0.0097357259258361,6.54803840356452e-05,6.54803840356452e-05,0.023643905819887668,0.0027816359788103147,0.0027816359788103142,6.54803840356452e-05,0.004172453968215471,0.0097357259258361,0.0027816359788103142,0.004172453968215471,0.006954089947025786,6.54803840356452e-05,6.54803840356452e-05,0.0027816359788103142,0.013908179894051569,0.0027816359788103142
2018-11-05 19:00:00,Context_2,0.0024527726118573705,0.0024527726118573705,0.0012263863059286853,0.0024527726118573705,6.54803840356452e-05,6.54803840356452e-05,6.54803840356452e-05,0.006131931529643426,0.029433271342288445,0.009811090447429482,0.0012263863059286853,6.54803840356452e-05,0.0012263863059286853,0.002452772611857371,0.02084856720078765,0.011037476753358168,6.54803840356452e-05,6.54803840356452e-05,0.0012263863059286853,0.008584704141500796,0.0012263863059286853,0.0171694082830016,0.013490249365215541,0.0036791589177860564,0.0012263863059286853,6.54803840356452e-05,0.0012263863059286853,6.54803840356452e-05,0.012263863059286857,0.0036791589177860564,0.028206885036359763,0.0012263863059286855,0.007358317835572111,0.003679158917786057,6.54803840356452e-05,6.54803840356452e-05,0.0012263863059286853,0.12141224428693985,0.013490249365215541,6.54803840356452e-05,0.013490249365215541,0.0024527726118573705,0.0036791589177860564,0.022074953506716337,0.0012263863059286853,0.0036791589177860564,6.54803840356452e-05,0.0012263863059286853,0.0012263863059286853,0.0012263863059286853,0.0024527726118573705,0.0012263863059286853,0.007358317835572113,6.54803840356452e-05,0.0171694082830016,0.0036791589177860564,0.008584704141500797,0.0024527726118573705,0.03924436178971793,0.008584704141500797,0.01839579458893028,0.0036791589177860564,0.013490249365215536,6.54803840356452e-05,0.026980498730431082,0.0036791589177860564,0.007358317835572113,0.01594302197707291,0.040470748095646616,0.007358317835572113,0.014716635671144222,6.54803840356452e-05,0.01594302197707291,0.03433881656600319,0.01962218089485896,0.013490249365215541,0.007358317835572111,6.54803840356452e-05,6.54803840356452e-05,6.54803840356452e-05,0.0024527726118573705,0.0012263863059286853,0.0760359509675785,0.013490249365215541,0.0012263863059286853,6.54803840356452e-05,6.54803840356452e-05,6.54803840356452e-05,0.0036791589177860564,0.004905545223714742,0.006131931529643426,0.0024527726118573705,6.54803840356452e-05,0.02084856720078765,0.0012263863059286853,0.0012263863059286853,6.54803840356452e-05,6.54803840356452e-05,0.012263863059286857,0.0012263863059286853,0.020848567200787645,6.54803840356452e-05,0.0085847041415008,0.006131931529643426,0.0036791589177860564,0.0036791589177860564,0.02820688503635977,0.006131931529643427,0.006131931529643426,0.0012263863059286853,0.004905545223714742,0.02452772611857371,0.002452772611857371,6.54803840356452e-05,6.54803840356452e-05,0.006131931529643426,0.0024527726118573705,0.0036791589177860564,0.002452772611857371,0.0036791589177860564,0.004905545223714741,0.0012263863059286853,6.54803840356452e-05,0.007358317835572111,0.0036791589177860564
2018-11-05 20:00:00,Context_2,0.0024527726118573705,0.0024527726118573705,0.0012263863059286853,0.0024527726118573705,6.54803840356452e-05,6.54803840356452e-05,6.54803840356452e-05,0.006131931529643426,0.029433271342288445,0.009811090447429482,0.0012263863059286853,6.54803840356452e-05,0.0012263863059286853,0.002452772611857371,0.02084856720078765,0.011037476753358168,6.54803840356452e-05,6.54803840356452e-05,0.0012263863059286853,0.008584704141500796,0.0012263863059286853,0.0171694082830016,0.013490249365215541,0.0036791589177860564,0.0012263863059286853,6.54803840356452e-05,0.0012263863059286853,6.54803840356452e-05,0.012263863059286857,0.0036791589177860564,0.028206885036359763,0.0012263863059286855,0.007358317835572111,0.003679158917786057,6.54803840356452e-05,6.54803840356452e-05,0.0012263863059286853,0.12141224428693985,0.013490249365215541,6.54803840356452e-05,0.013490249365215541,0.0024527726118573705,0.0036791589177860564,0.022074953506716337,0.0012263863059286853,0.0036791589177860564,6.54803840356452e-05,0.0012263863059286853,0.0012263863059286853,0.0012263863059286853,0.0024527726118573705,0.0012263863059286853,0.007358317835572113,6.54803840356452e-05,0.0171694082830016,0.0036791589177860564,0.008584704141500797,0.0024527726118573705,0.03924436178971793,0.008584704141500797,0.01839579458893028,0.0036791589177860564,0.013490249365215536,6.54803840356452e-05,0.026980498730431082,0.0036791589177860564,0.007358317835572113,0.01594302197707291,0.040470748095646616,0.007358317835572113,0.014716635671144222,6.54803840356452e-05,0.01594302197707291,0.03433881656600319,0.01962218089485896,0.013490249365215541,0.007358317835572111,6.54803840356452e-05,6.54803840356452e-05,6.54803840356452e-05,0.0024527726118573705,0.0012263863059286853,0.0760359509675785,0.013490249365215541,0.0012263863059286853,6.54803840356452e-05,6.54803840356452e-05,6.54803840356452e-05,0.0036791589177860564,0.004905545223714742,0.006131931529643426,0.0024527726118573705,6.54803840356452e-05,0.02084856720078765,0.0012263863059286853,0.0012263863059286853,6.54803840356452e-05,6.54803840356452e-05,0.012263863059286857,0.0012263863059286853,0.020848567200787645,6.54803840356452e-05,0.0085847041415008,0.006131931529643426,0.0036791589177860564,0.0036791589177860564,0.02820688503635977,0.006131931529643427,0.006131931529643426,0.0012263863059286853,0.004905545223714742,0.02452772611857371,0.002452772611857371,6.54803840356452e-05,6.54803840356452e-05,0.006131931529643426,0.0024527726118573705,0.0036791589177860564,0.002452772611857371,0.0036791589177860564,0.004905545223714741,0.0012263863059286853,6.54803840356452e-05,0.007358317835572111,0.0036791589177860564
2018-11-05 21:00:00,Context_2,0.0024527726118573705,0.0024527726118573705,0.0012263863059286853,0.0024527726118573705,6.54803840356452e-05,6.54803840356452e-05,6.54803840356452e-05,0.006131931529643426,0.029433271342288445,0.009811090447429482,0.0012263863059286853,6.54803840356452e-05,0.0012263863059286853,0.002452772611857371,0.02084856720078765,0.011037476753358168,6.54803840356452e-05,6.54803840356452e-05,0.0012263863059286853,0.008584704141500796,0.0012263863059286853,0.0171694082830016,0.013490249365215541,0.0036791589177860564,0.0012263863059286853,6.54803840356452e-05,0.0012263863059286853,6.54803840356452e-05,0.012263863059286857,0.0036791589177860564,0.028206885036359763,0.0012263863059286855,0.007358317835572111,0.003679158917786057,6.54803840356452e-05,6.54803840356452e-05,0.0012263863059286853,0.12141224428693985,0.013490249365215541,6.54803840356452e-05,0.013490249365215541,0.0024527726118573705,0.0036791589177860564,0.022074953506716337,0.0012263863059286853,0.0036791589177860564,6.54803840356452e-05,0.0012263863059286853,0.0012263863059286853,0.0012263863059286853,0.0024527726118573705,0.0012263863059286853,0.007358317835572113,6.54803840356452e-05,0.0171694082830016,0.0036791589177860564,0.008584704141500797,0.0024527726118573705,0.03924436178971793,0.008584704141500797,0.01839579458893028,0.0036791589177860564,0.013490249365215536,6.54803840356452e-05,0.026980498730431082,0.0036791589177860564,0.007358317835572113,0.01594302197707291,0.040470748095646616,0.007358317835572113,0.014716635671144222,6.54803840356452e-05,0.01594302197707291,0.03433881656600319,0.01962218089485896,0.013490249365215541,0.007358317835572111,6.54803840356452e-05,6.54803840356452e-05,6.54803840356452e-05,0.0024527726118573705,0.0012263863059286853,0.0760359509675785,0.013490249365215541,0.0012263863059286853,6.54803840356452e-05,6.54803840356452e-05,6.54803840356452e-05,0.0036791589177860564,0.004905545223714742,0.006131931529643426,0.0024527726118573705,6.54803840356452e-05,0.02084856720078765,0.0012263863059286853,0.0012263863059286853,6.54803840356452e-05,6.54803840356452e-05,0.012263863059286857,0.0012263863059286853,0.020848567200787645,6.54803840356452e-05,0.0085847041415008,0.006131931529643426,0.0036791589177860564,0.0036791589177860564,0.02820688503635977,0.006131931529643427,0.006131931529643426,0.0012263863059286853,0.004905545223714742,0.02452772611857371,0.002452772611857371,6.54803840356452e-05,6.54803840356452e-05,0.006131931529643426,0.0024527726118573705,0.0036791589177860564,0.002452772611857371,0.0036791589177860564,0.004905545223714741,0.0012263863059286853,6.54803840356452e-05,0.007358317835572111,0.0036791589177860564
2018-11-05 22:00:00,Context_2,0.0024527726118573705,0.0024527726118573705,0.0012263863059286853,0.0024527726118573705,6.54803840356452e-05,6.54803840356452e-05,6.54803840356452e-05,0.006131931529643426,0.029433271342288445,0.009811090447429482,0.0012263863059286853,6.54803840356452e-05,0.0012263863059286853,0.002452772611857371,0.02084856720078765,0.011037476753358168,6.54803840356452e-05,6.54803840356452e-05,0.0012263863059286853,0.008584704141500796,0.0012263863059286853,0.0171694082830016,0.013490249365215541,0.0036791589177860564,0.0012263863059286853,6.54803840356452e-05,0.0012263863059286853,6.54803840356452e-05,0.012263863059286857,0.0036791589177860564,0.028206885036359763,0.0012263863059286855,0.007358317835572111,0.003679158917786057,6.54803840356452e-05,6.54803840356452e-05,0.0012263863059286853,0.12141224428693985,0.013490249365215541,6.54803840356452e-05,0.013490249365215541,0.0024527726118573705,0.0036791589177860564,0.022074953506716337,0.0012263863059286853,0.0036791589177860564,6.54803840356452e-05,0.0012263863059286853,0.0012263863059286853,0.0012263863059286853,0.0024527726118573705,0.0012263863059286853,0.007358317835572113,6.54803840356452e-05,0.0171694082830016,0.0036791589177860564,0.008584704141500797,0.0024527726118573705,0.03924436178971793,0.008584704141500797,0.01839579458893028,0.0036791589177860564,0.013490249365215536,6.54803840356452e-05,0.026980498730431082,0.0036791589177860564,0.007358317835572113,0.01594302197707291,0.040470748095646616,0.007358317835572113,0.014716635671144222,6.54803840356452e-05,0.01594302197707291,0.03433881656600319,0.01962218089485896,0.013490249365215541,0.007358317835572111,6.54803840356452e-05,6.54803840356452e-05,6.54803840356452e-05,0.0024527726118573705,0.0012263863059286853,0.0760359509675785,0.013490249365215541,0.0012263863059286853,6.54803840356452e-05,6.54803840356452e-05,6.54803840356452e-05,0.0036791589177860564,0.004905545223714742,0.006131931529643426,0.0024527726118573705,6.54803840356452e-05,0.02084856720078765,0.0012263863059286853,0.0012263863059286853,6.54803840356452e-05,6.54803840356452e-05,0.012263863059286857,0.0012263863059286853,0.020848567200787645,6.54803840356452e-05,0.0085847041415008,0.006131931529643426,0.0036791589177860564,0.0036791589177860564,0.02820688503635977,0.006131931529643427,0.006131931529643426,0.0012263863059286853,0.004905545223714742,0.02452772611857371,0.002452772611857371,6.54803840356452e-05,6.54803840356452e-05,0.006131931529643426,0.0024527726118573705,0.0036791589177860564,0.002452772611857371,0.0036791589177860564,0.004905545223714741,0.0012263863059286853,6.54803840356452e-05,0.007358317835572111,0.0036791589177860564
2018-11-05 23:00:00,Context_2,0.0024527726118573705,0.0024527726118573705,0.0012263863059286853,0.0024527726118573705,6.54803840356452e-05,6.54803840356452e-05,6.54803840356452e-05,0.006131931529643426,0.029433271342288445,0.009811090447429482,0.0012263863059286853,6.54803840356452e-05,0.0012263863059286853,0.002452772611857371,0.02084856720078765,0.011037476753358168,6.54803840356452e-05,6.54803840356452e-05,0.0012263863059286853,0.008584704141500796,0.0012263863059286853,0.0171694082830016,0.013490249365215541,0.0036791589177860564,0.0012263863059286853,6.54803840356452e-05,0.0012263863059286853,6.54803840356452e-05,0.012263863059286857,0.0036791589177860564,0.028206885036359763,0.0012263863059286855,0.007358317835572111,0.003679158917786057,6.54803840356452e-05,6.54803840356452e-05,0.0012263863059286853,0.12141224428693985,0.013490249365215541,6.54803840356452e-05,0.013490249365215541,0.0024527726118573705,0.0036791589177860564,0.022074953506716337,0.0012263863059286853,0.0036791589177860564,6.54803840356452e-05,0.0012263863059286853,0.0012263863059286853,0.0012263863059286853,0.0024527726118573705,0.0012263863059286853,0.007358317835572113,6.54803840356452e-05,0.0171694082830016,0.0036791589177860564,0.008584704141500797,0.0024527726118573705,0.03924436178971793,0.008584704141500797,0.01839579458893028,0.0036791589177860564,0.013490249365215536,6.54803840356452e-05,0.026980498730431082,0.0036791589177860564,0.007358317835572113,0.01594302197707291,0.040470748095646616,0.007358317835572113,0.014716635671144222,6.54803840356452e-05,0.01594302197707291,0.03433881656600319,0.01962218089485896,0.013490249365215541,0.007358317835572111,6.54803840356452e-05,6.54803840356452e-05,6.54803840356452e-05,0.0024527726118573705,0.0012263863059286853,0.0760359509675785,0.013490249365215541,0.0012263863059286853,6.54803840356452e-05,6.54803840356452e-05,6.54803840356452e-05,0.0036791589177860564,0.004905545223714742,0.006131931529643426,0.0024527726118573705,6.54803840356452e-05,0.02084856720078765,0.0012263863059286853,0.0012263863059286853,6.54803840356452e-05,6.54803840356452e-05,0.012263863059286857,0.0012263863059286853,0.020848567200787645,6.54803840356452e-05,0.0085847041415008,0.006131931529643426,0.0036791589177860564,0.0036791589177860564,0.02820688503635977,0.006131931529643427,0.006131931529643426,0.0012263863059286853,0.004905545223714742,0.02452772611857371,0.002452772611857371,6.54803840356452e-05,6.54803840356452e-05,0.006131931529643426,0.0024527726118573705,0.0036791589177860564,0.002452772611857371,0.0036791589177860564,0.004905545223714741,0.0012263863059286853,6.54803840356452e-05,0.007358317835572111,0.0036791589177860564
2018-11-06 00:00:00,Context_2,0.0024527726118573705,0.0024527726118573705,0.0012263863059286853,0.0024527726118573705,6.54803840356452e-05,6.54803840356452e-05,6.54803840356452e-05,0.006131931529643426,0.029433271342288445,0.009811090447429482,0.0012263863059286853,6.54803840356452e-05,0.0012263863059286853,0.002452772611857371,0.02084856720078765,0.011037476753358168,6.54803840356452e-05,6.54803840356452e-05,0.0012263863059286853,0.008584704141500796,0.0012263863059286853,0.0171694082830016,0.013490249365215541,0.0036791589177860564,0.0012263863059286853,6.54803840356452e-05,0.0012263863059286853,6.54803840356452e-05,0.012263863059286857,0.0036791589177860564,0.028206885036359763,0.0012263863059286855,0.007358317835572111,0.003679158917786057,6.54803840356452e-05,6.54803840356452e-05,0.0012263863059286853,0.12141224428693985,0.013490249365215541,6.54803840356452e-05,0.013490249365215541,0.0024527726118573705,0.0036791589177860564,0.022074953506716337,0.0012263863059286853,0.0036791589177860564,6.54803840356452e-05,0.0012263863059286853,0.0012263863059286853,0.0012263863059286853,0.0024527726118573705,0.0012263863059286853,0.007358317835572113,6.54803840356452e-05,0.0171694082830016,0.0036791589177860564,0.008584704141500797,0.0024527726118573705,0.03924436178971793,0.008584704141500797,0.01839579458893028,0.0036791589177860564,0.013490249365215536,6.54803840356452e-05,0.026980498730431082,0.0036791589177860564,0.007358317835572113,0.01594302197707291,0.040470748095646616,0.007358317835572113,0.014716635671144222,6.54803840356452e-05,0.01594302197707291,0.03433881656600319,0.01962218089485896,0.013490249365215541,0.007358317835572111,6.54803840356452e-05,6.54803840356452e-05,6.54803840356452e-05,0.0024527726118573705,0.0012263863059286853,0.0760359509675785,0.013490249365215541,0.0012263863059286853,6.54803840356452e-05,6.54803840356452e-05,6.54803840356452e-05,0.0036791589177860564,0.004905545223714742,0.006131931529643426,0.0024527726118573705,6.54803840356452e-05,0.02084856720078765,0.0012263863059286853,0.0012263863059286853,6.54803840356452e-05,6.54803840356452e-05,0.012263863059286857,0.0012263863059286853,0.020848567200787645,6.54803840356452e-05,0.0085847041415008,0.006131931529643426,0.0036791589177860564,0.0036791589177860564,0.02820688503635977,0.006131931529643427,0.006131931529643426,0.0012263863059286853,0.004905545223714742,0.02452772611857371,0.002452772611857371,6.54803840356452e-05,6.54803840356452e-05,0.006131931529643426,0.0024527726118573705,0.0036791589177860564,0.002452772611857371,0.0036791589177860564,0.004905545223714741,0.0012263863059286853,6.54803840356452e-05,0.007358317835572111,0.0036791589177860564
2018-11-06 01:00:00,Context_2,0.0024527726118573705,0.0024527726118573705,0.0012263863059286853,0.0024527726118573705,6.54803840356452e-05,6.54803840356452e-05,6.54803840356452e-05,0.006131931529643426,0.029433271342288445,0.009811090447429482,0.0012263863059286853,6.54803840356452e-05,0.0012263863059286853,0.002452772611857371,0.02084856720078765,0.011037476753358168,6.54803840356452e-05,6.54803840356452e-05,0.0012263863059286853,0.008584704141500796,0.0012263863059286853,0.0171694082830016,0.013490249365215541,0.0036791589177860564,0.0012263863059286853,6.54803840356452e-05,0.0012263863059286853,6.54803840356452e-05,0.012263863059286857,0.0036791589177860564,0.028206885036359763,0.0012263863059286855,0.007358317835572111,0.003679158917786057,6.54803840356452e-05,6.54803840356452e-05,0.0012263863059286853,0.12141224428693985,0.013490249365215541,6.54803840356452e-05,0.013490249365215541,0.0024527726118573705,0.0036791589177860564,0.022074953506716337,0.0012263863059286853,0.0036791589177860564,6.54803840356452e-05,0.0012263863059286853,0.0012263863059286853,0.0012263863059286853,0.0024527726118573705,0.0012263863059286853,0.007358317835572113,6.54803840356452e-05,0.0171694082830016,0.0036791589177860564,0.008584704141500797,0.0024527726118573705,0.03924436178971793,0.008584704141500797,0.01839579458893028,0.0036791589177860564,0.013490249365215536,6.54803840356452e-05,0.026980498730431082,0.0036791589177860564,0.007358317835572113,0.01594302197707291,0.040470748095646616,0.007358317835572113,0.014716635671144222,6.54803840356452e-05,0.01594302197707291,0.03433881656600319,0.01962218089485896,0.013490249365215541,0.007358317835572111,6.54803840356452e-05,6.54803840356452e-05,6.54803840356452e-05,0.0024527726118573705,0.0012263863059286853,0.0760359509675785,0.013490249365215541,0.0012263863059286853,6.54803840356452e-05,6.54803840356452e-05,6.54803840356452e-05,0.0036791589177860564,0.004905545223714742,0.006131931529643426,0.0024527726118573705,6.54803840356452e-05,0.02084856720078765,0.0012263863059286853,0.0012263863059286853,6.54803840356452e-05,6.54803840356452e-05,0.012263863059286857,0.0012263863059286853,0.020848567200787645,6.54803840356452e-05,0.0085847041415008,0.006131931529643426,0.0036791589177860564,0.0036791589177860564,0.02820688503635977,0.006131931529643427,0.006131931529643426,0.0012263863059286853,0.004905545223714742,0.02452772611857371,0.002452772611857371,6.54803840356452e-05,6.54803840356452e-05,0.006131931529643426,0.0024527726118573705,0.0036791589177860564,0.002452772611857371,0.0036791589177860564,0.004905545223714741,0.0012263863059286853,6.54803840356452e-05,0.007358317835572111,0.0036791589177860564
2018-11-06 02:00:00,Context_2,0.0024527726118573705,0.0024527726118573705,0.0012263863059286853,0.0024527726118573705,6.54803840356452e-05,6.54803840356452e-05,6.54803840356452e-05,0.006131931529643426,0.029433271342288445,0.009811090447429482,0.0012263863059286853,6.54803840356452e-05,0.0012263863059286853,0.002452772611857371,0.02084856720078765,0.011037476753358168,6.54803840356452e-05,6.54803840356452e-05,0.0012263863059286853,0.008584704141500796,0.0012263863059286853,0.0171694082830016,0.013490249365215541,0.0036791589177860564,0.0012263863059286853,6.54803840356452e-05,0.0012263863059286853,6.54803840356452e-05,0.012263863059286857,0.0036791589177860564,0.028206885036359763,0.0012263863059286855,0.007358317835572111,0.003679158917786057,6.54803840356452e-05,6.54803840356452e-05,0.0012263863059286853,0.12141224428693985,0.013490249365215541,6.54803840356452e-05,0.013490249365215541,0.0024527726118573705,0.0036791589177860564,0.022074953506716337,0.0012263863059286853,0.0036791589177860564,6.54803840356452e-05,0.0012263863059286853,0.0012263863059286853,0.0012263863059286853,0.0024527726118573705,0.0012263863059286853,0.007358317835572113,6.54803840356452e-05,0.0171694082830016,0.0036791589177860564,0.008584704141500797,0.0024527726118573705,0.03924436178971793,0.008584704141500797,0.01839579458893028,0.0036791589177860564,0.013490249365215536,6.54803840356452e-05,0.026980498730431082,0.0036791589177860564,0.007358317835572113,0.01594302197707291,0.040470748095646616,0.007358317835572113,0.014716635671144222,6.54803840356452e-05,0.01594302197707291,0.03433881656600319,0.01962218089485896,0.013490249365215541,0.007358317835572111,6.54803840356452e-05,6.54803840356452e-05,6.54803840356452e-05,0.0024527726118573705,0.0012263863059286853,0.0760359509675785,0.013490249365215541,0.0012263863059286853,6.54803840356452e-05,6.54803840356452e-05,6.54803840356452e-05,0.0036791589177860564,0.004905545223714742,0.006131931529643426,0.0024527726118573705,6.54803840356452e-05,0.02084856720078765,0.0012263863059286853,0.0012263863059286853,6.54803840356452e-05,6.54803840356452e-05,0.012263863059286857,0.0012263863059286853,0.020848567200787645,6.54803840356452e-05,0.0085847041415008,0.006131931529643426,0.0036791589177860564,0.0036791589177860564,0.02820688503635977,0.006131931529643427,0.006131931529643426,0.0012263863059286853,0.004905545223714742,0.02452772611857371,0.002452772611857371,6.54803840356452e-05,6.54803840356452e-05,0.006131931529643426,0.0024527726118573705,0.0036791589177860564,0.002452772611857371,0.0036791589177860564,0.004905545223714741,0.0012263863059286853,6.54803840356452e-05,0.007358317835572111,0.0036791589177860564
2018-11-06 03:00:00,Context_2,0.0024527726118573705,0.0024527726118573705,0.0012263863059286853,0.0024527726118573705,6.54803840356452e-05,6.54803840356452e-05,6.54803840356452e-05,0.006131931529643426,0.029433271342288445,0.009811090447429482,0.0012263863059286853,6.54803840356452e-05,0.0012263863059286853,0.002452772611857371,0.02084856720078765,0.011037476753358168,6.54803840356452e-05,6.54803840356452e-05,0.0012263863059286853,0.008584704141500796,0.0012263863059286853,0.0171694082830016,0.013490249365215541,0.0036791589177860564,0.0012263863059286853,6.54803840356452e-05,0.0012263863059286853,6.54803840356452e-05,0.012263863059286857,0.0036791589177860564,0.028206885036359763,0.0012263863059286855,0.007358317835572111,0.003679158917786057,6.54803840356452e-05,6.54803840356452e-05,0.0012263863059286853,0.12141224428693985,0.013490249365215541,6.54803840356452e-05,0.013490249365215541,0.0024527726118573705,0.0036791589177860564,0.022074953506716337,0.0012263863059286853,0.0036791589177860564,6.54803840356452e-05,0.0012263863059286853,0.0012263863059286853,0.0012263863059286853,0.0024527726118573705,0.0012263863059286853,0.007358317835572113,6.54803840356452e-05,0.0171694082830016,0.0036791589177860564,0.008584704141500797,0.0024527726118573705,0.03924436178971793,0.008584704141500797,0.01839579458893028,0.0036791589177860564,0.013490249365215536,6.54803840356452e-05,0.026980498730431082,0.0036791589177860564,0.007358317835572113,0.01594302197707291,0.040470748095646616,0.007358317835572113,0.014716635671144222,6.54803840356452e-05,0.01594302197707291,0.03433881656600319,0.01962218089485896,0.013490249365215541,0.007358317835572111,6.54803840356452e-05,6.54803840356452e-05,6.54803840356452e-05,0.0024527726118573705,0.0012263863059286853,0.0760359509675785,0.013490249365215541,0.0012263863059286853,6.54803840356452e-05,6.54803840356452e-05,6.54803840356452e-05,0.0036791589177860564,0.004905545223714742,0.006131931529643426,0.0024527726118573705,6.54803840356452e-05,0.02084856720078765,0.0012263863059286853,0.0012263863059286853,6.54803840356452e-05,6.54803840356452e-05,0.012263863059286857,0.0012263863059286853,0.020848567200787645,6.54803840356452e-05,0.0085847041415008,0.006131931529643426,0.0036791589177860564,0.0036791589177860564,0.02820688503635977,0.006131931529643427,0.006131931529643426,0.0012263863059286853,0.004905545223714742,0.02452772611857371,0.002452772611857371,6.54803840356452e-05,6.54803840356452e-05,0.006131931529643426,0.0024527726118573705,0.0036791589177860564,0.002452772611857371,0.0036791589177860564,0.004905545223714741,0.0012263863059286853,6.54803840356452e-05,0.007358317835572111,0.0036791589177860564
2018-11-06 04:00:00,Context_2,0.0024527726118573705,0.0024527726118573705,0.0012263863059286853,0.0024527726118573705,6.54803840356452e-05,6.54803840356452e-05,6.54803840356452e-05,0.006131931529643426,0.029433271342288445,0.009811090447429482,0.0012263863059286853,6.54803840356452e-05,0.0012263863059286853,0.002452772611857371,0.02084856720078765,0.011037476753358168,6.54803840356452e-05,6.54803840356452e-05,0.0012263863059286853,0.008584704141500796,0.0012263863059286853,0.0171694082830016,0.013490249365215541,0.0036791589177860564,0.0012263863059286853,6.54803840356452e-05,0.0012263863059286853,6.54803840356452e-05,0.012263863059286857,0.0036791589177860564,0.028206885036359763,0.0012263863059286855,0.007358317835572111,0.003679158917786057,6.54803840356452e-05,6.54803840356452e-05,0.0012263863059286853,0.12141224428693985,0.013490249365215541,6.54803840356452e-05,0.013490249365215541,0.0024527726118573705,0.0036791589177860564,0.022074953506716337,0.0012263863059286853,0.0036791589177860564,6.54803840356452e-05,0.0012263863059286853,0.0012263863059286853,0.0012263863059286853,0.0024527726118573705,0.0012263863059286853,0.007358317835572113,6.54803840356452e-05,0.0171694082830016,0.0036791589177860564,0.008584704141500797,0.0024527726118573705,0.03924436178971793,0.008584704141500797,0.01839579458893028,0.0036791589177860564,0.013490249365215536,6.54803840356452e-05,0.026980498730431082,0.0036791589177860564,0.007358317835572113,0.01594302197707291,0.040470748095646616,0.007358317835572113,0.014716635671144222,6.54803840356452e-05,0.01594302197707291,0.03433881656600319,0.01962218089485896,0.013490249365215541,0.007358317835572111,6.54803840356452e-05,6.54803840356452e-05,6.54803840356452e-05,0.0024527726118573705,0.0012263863059286853,0.0760359509675785,0.013490249365215541,0.0012263863059286853,6.54803840356452e-05,6.54803840356452e-05,6.54803840356452e-05,0.0036791589177860564,0.004905545223714742,0.006131931529643426,0.0024527726118573705,6.54803840356452e-05,0.02084856720078765,0.0012263863059286853,0.0012263863059286853,6.54803840356452e-05,6.54803840356452e-05,0.012263863059286857,0.0012263863059286853,0.020848567200787645,6.54803840356452e-05,0.0085847041415008,0.006131931529643426,0.0036791589177860564,0.0036791589177860564,0.02820688503635977,0.006131931529643427,0.006131931529643426,0.0012263863059286853,0.004905545223714742,0.02452772611857371,0.002452772611857371,6.54803840356452e-05,6.54803840356452e-05,0.006131931529643426,0.0024527726118573705,0.0036791589177860564,0.002452772611857371,0.0036791589177860564,0.004905545223714741,0.0012263863059286853,6.54803840356452e-05,0.007358317835572111,0.0036791589177860564
2018-11-06 05:00:00,Context_2,0.0024527726118573705,0.0024527726118573705,0.0012263863059286853,0.0024527726118573705,6.54803840356452e-05,6.54803840356452e-05,6.54803840356452e-05,0.006131931529643426,0.029433271342288445,0.009811090447429482,0.0012263863059286853,6.54803840356452e-05,0.0012263863059286853,0.002452772611857371,0.02084856720078765,0.011037476753358168,6.54803840356452e-05,6.54803840356452e-05,0.0012263863059286853,0.008584704141500796,0.0012263863059286853,0.0171694082830016,0.013490249365215541,0.0036791589177860564,0.0012263863059286853,6.54803840356452e-05,0.0012263863059286853,6.54803840356452e-05,0.012263863059286857,0.0036791589177860564,0.028206885036359763,0.0012263863059286855,0.007358317835572111,0.003679158917786057,6.54803840356452e-05,6.54803840356452e-05,0.0012263863059286853,0.12141224428693985,0.013490249365215541,6.54803840356452e-05,0.013490249365215541,0.0024527726118573705,0.0036791589177860564,0.022074953506716337,0.0012263863059286853,0.0036791589177860564,6.54803840356452e-05,0.0012263863059286853,0.0012263863059286853,0.0012263863059286853,0.0024527726118573705,0.0012263863059286853,0.007358317835572113,6.54803840356452e-05,0.0171694082830016,0.0036791589177860564,0.008584704141500797,0.0024527726118573705,0.03924436178971793,0.008584704141500797,0.01839579458893028,0.0036791589177860564,0.013490249365215536,6.54803840356452e-05,0.026980498730431082,0.0036791589177860564,0.007358317835572113,0.01594302197707291,0.040470748095646616,0.007358317835572113,0.014716635671144222,6.54803840356452e-05,0.01594302197707291,0.03433881656600319,0.01962218089485896,0.013490249365215541,0.007358317835572111,6.54803840356452e-05,6.54803840356452e-05,6.54803840356452e-05,0.0024527726118573705,0.0012263863059286853,0.0760359509675785,0.013490249365215541,0.0012263863059286853,6.54803840356452e-05,6.54803840356452e-05,6.54803840356452e-05,0.0036791589177860564,0.004905545223714742,0.006131931529643426,0.0024527726118573705,6.54803840356452e-05,0.02084856720078765,0.0012263863059286853,0.0012263863059286853,6.54803840356452e-05,6.54803840356452e-05,0.012263863059286857,0.0012263863059286853,0.020848567200787645,6.54803840356452e-05,0.0085847041415008,0.006131931529643426,0.0036791589177860564,0.0036791589177860564,0.02820688503635977,0.006131931529643427,0.006131931529643426,0.0012263863059286853,0.004905545223714742,0.02452772611857371,0.002452772611857371,6.54803840356452e-05,6.54803840356452e-05,0.006131931529643426,0.0024527726118573705,0.0036791589177860564,0.002452772611857371,0.0036791589177860564,0.004905545223714741,0.0012263863059286853,6.54803840356452e-05,0.007358317835572111,0.0036791589177860564
2018-11-06 06:00:00,Context_2,0.0024527726118573705,0.0024527726118573705,0.0012263863059286853,0.0024527726118573705,6.54803840356452e-05,6.54803840356452e-05,6.54803840356452e-05,0.006131931529643426,0.029433271342288445,0.009811090447429482,0.0012263863059286853,6.54803840356452e-05,0.0012263863059286853,0.002452772611857371,0.02084856720078765,0.011037476753358168,6.54803840356452e-05,6.54803840356452e-05,0.0012263863059286853,0.008584704141500796,0.0012263863059286853,0.0171694082830016,0.013490249365215541,0.0036791589177860564,0.0012263863059286853,6.54803840356452e-05,0.0012263863059286853,6.54803840356452e-05,0.012263863059286857,0.0036791589177860564,0.028206885036359763,0.0012263863059286855,0.007358317835572111,0.003679158917786057,6.54803840356452e-05,6.54803840356452e-05,0.0012263863059286853,0.12141224428693985,0.013490249365215541,6.54803840356452e-05,0.013490249365215541,0.0024527726118573705,0.0036791589177860564,0.022074953506716337,0.0012263863059286853,0.0036791589177860564,6.54803840356452e-05,0.0012263863059286853,0.0012263863059286853,0.0012263863059286853,0.0024527726118573705,0.0012263863059286853,0.007358317835572113,6.54803840356452e-05,0.0171694082830016,0.0036791589177860564,0.008584704141500797,0.0024527726118573705,0.03924436178971793,0.008584704141500797,0.01839579458893028,0.0036791589177860564,0.013490249365215536,6.54803840356452e-05,0.026980498730431082,0.0036791589177860564,0.007358317835572113,0.01594302197707291,0.040470748095646616,0.007358317835572113,0.014716635671144222,6.54803840356452e-05,0.01594302197707291,0.03433881656600319,0.01962218089485896,0.013490249365215541,0.007358317835572111,6.54803840356452e-05,6.54803840356452e-05,6.54803840356452e-05,0.0024527726118573705,0.0012263863059286853,0.0760359509675785,0.013490249365215541,0.0012263863059286853,6.54803840356452e-05,6.54803840356452e-05,6.54803840356452e-05,0.0036791589177860564,0.004905545223714742,0.006131931529643426,0.0024527726118573705,6.54803840356452e-05,0.02084856720078765,0.0012263863059286853,0.0012263863059286853,6.54803840356452e-05,6.54803840356452e-05,0.012263863059286857,0.0012263863059286853,0.020848567200787645,6.54803840356452e-05,0.0085847041415008,0.006131931529643426,0.0036791589177860564,0.0036791589177860564,0.02820688503635977,0.006131931529643427,0.006131931529643426,0.0012263863059286853,0.004905545223714742,0.02452772611857371,0.002452772611857371,6.54803840356452e-05,6.54803840356452e-05,0.006131931529643426,0.0024527726118573705,0.0036791589177860564,0.002452772611857371,0.0036791589177860564,0.004905545223714741,0.0012263863059286853,6.54803840356452e-05,0.007358317835572111,0.0036791589177860564
2018-11-06 07:00:00,Context_2,0.0024527726118573705,0.0024527726118573705,0.0012263863059286853,0.0024527726118573705,6.54803840356452e-05,6.54803840356452e-05,6.54803840356452e-05,0.006131931529643426,0.029433271342288445,0.009811090447429482,0.0012263863059286853,6.54803840356452e-05,0.0012263863059286853,0.002452772611857371,0.02084856720078765,0.011037476753358168,6.54803840356452e-05,6.54803840356452e-05,0.0012263863059286853,0.008584704141500796,0.0012263863059286853,0.0171694082830016,0.013490249365215541,0.0036791589177860564,0.0012263863059286853,6.54803840356452e-05,0.0012263863059286853,6.54803840356452e-05,0.012263863059286857,0.0036791589177860564,0.028206885036359763,0.0012263863059286855,0.007358317835572111,0.003679158917786057,6.54803840356452e-05,6.54803840356452e-05,0.0012263863059286853,0.12141224428693985,0.013490249365215541,6.54803840356452e-05,0.013490249365215541,0.0024527726118573705,0.0036791589177860564,0.022074953506716337,0.0012263863059286853,0.0036791589177860564,6.54803840356452e-05,0.0012263863059286853,0.0012263863059286853,0.0012263863059286853,0.0024527726118573705,0.0012263863059286853,0.007358317835572113,6.54803840356452e-05,0.0171694082830016,0.0036791589177860564,0.008584704141500797,0.0024527726118573705,0.03924436178971793,0.008584704141500797,0.01839579458893028,0.0036791589177860564,0.013490249365215536,6.54803840356452e-05,0.026980498730431082,0.0036791589177860564,0.007358317835572113,0.01594302197707291,0.040470748095646616,0.007358317835572113,0.014716635671144222,6.54803840356452e-05,0.01594302197707291,0.03433881656600319,0.01962218089485896,0.013490249365215541,0.007358317835572111,6.54803840356452e-05,6.54803840356452e-05,6.54803840356452e-05,0.0024527726118573705,0.0012263863059286853,0.0760359509675785,0.013490249365215541,0.0012263863059286853,6.54803840356452e-05,6.54803840356452e-05,6.54803840356452e-05,0.0036791589177860564,0.004905545223714742,0.006131931529643426,0.0024527726118573705,6.54803840356452e-05,0.02084856720078765,0.0012263863059286853,0.0012263863059286853,6.54803840356452e-05,6.54803840356452e-05,0.012263863059286857,0.0012263863059286853,0.020848567200787645,6.54803840356452e-05,0.0085847041415008,0.006131931529643426,0.0036791589177860564,0.0036791589177860564,0.02820688503635977,0.006131931529643427,0.006131931529643426,0.0012263863059286853,0.004905545223714742,0.02452772611857371,0.002452772611857371,6.54803840356452e-05,6.54803840356452e-05,0.006131931529643426,0.0024527726118573705,0.0036791589177860564,0.002452772611857371,0.0036791589177860564,0.004905545223714741,0.0012263863059286853,6.54803840356452e-05,0.007358317835572111,0.0036791589177860564
2018-11-06 08:00:00,Context_2,0.0024527726118573705,0.0024527726118573705,0.0012263863059286853,0.0024527726118573705,6.54803840356452e-05,6.54803840356452e-05,6.54803840356452e-05,0.006131931529643426,0.029433271342288445,0.009811090447429482,0.0012263863059286853,6.54803840356452e-05,0.0012263863059286853,0.002452772611857371,0.02084856720078765,0.011037476753358168,6.54803840356452e-05,6.54803840356452e-05,0.0012263863059286853,0.008584704141500796,0.0012263863059286853,0.0171694082830016,0.013490249365215541,0.0036791589177860564,0.0012263863059286853,6.54803840356452e-05,0.0012263863059286853,6.54803840356452e-05,0.012263863059286857,0.0036791589177860564,0.028206885036359763,0.0012263863059286855,0.007358317835572111,0.003679158917786057,6.54803840356452e-05,6.54803840356452e-05,0.0012263863059286853,0.12141224428693985,0.013490249365215541,6.54803840356452e-05,0.013490249365215541,0.0024527726118573705,0.0036791589177860564,0.022074953506716337,0.0012263863059286853,0.0036791589177860564,6.54803840356452e-05,0.0012263863059286853,0.0012263863059286853,0.0012263863059286853,0.0024527726118573705,0.0012263863059286853,0.007358317835572113,6.54803840356452e-05,0.0171694082830016,0.0036791589177860564,0.008584704141500797,0.0024527726118573705,0.03924436178971793,0.008584704141500797,0.01839579458893028,0.0036791589177860564,0.013490249365215536,6.54803840356452e-05,0.026980498730431082,0.0036791589177860564,0.007358317835572113,0.01594302197707291,0.040470748095646616,0.007358317835572113,0.014716635671144222,6.54803840356452e-05,0.01594302197707291,0.03433881656600319,0.01962218089485896,0.013490249365215541,0.007358317835572111,6.54803840356452e-05,6.54803840356452e-05,6.54803840356452e-05,0.0024527726118573705,0.0012263863059286853,0.0760359509675785,0.013490249365215541,0.0012263863059286853,6.54803840356452e-05,6.54803840356452e-05,6.54803840356452e-05,0.0036791589177860564,0.004905545223714742,0.006131931529643426,0.0024527726118573705,6.54803840356452e-05,0.02084856720078765,0.0012263863059286853,0.0012263863059286853,6.54803840356452e-05,6.54803840356452e-05,0.012263863059286857,0.0012263863059286853,0.020848567200787645,6.54803840356452e-05,0.0085847041415008,0.006131931529643426,0.0036791589177860564,0.0036791589177860564,0.02820688503635977,0.006131931529643427,0.006131931529643426,0.0012263863059286853,0.004905545223714742,0.02452772611857371,0.002452772611857371,6.54803840356452e-05,6.54803840356452e-05,0.006131931529643426,0.0024527726118573705,0.0036791589177860564,0.002452772611857371,0.0036791589177860564,0.004905545223714741,0.0012263863059286853,6.54803840356452e-05,0.007358317835572111,0.0036791589177860564
2018-11-06 09:00:00,Context_2,0.0024527726118573705,0.0024527726118573705,0.0012263863059286853,0.0024527726118573705,6.54803840356452e-05,6.54803840356452e-05,6.54803840356452e-05,0.006131931529643426,0.029433271342288445,0.009811090447429482,0.0012263863059286853,6.54803840356452e-05,0.0012263863059286853,0.002452772611857371,0.02084856720078765,0.011037476753358168,6.54803840356452e-05,6.54803840356452e-05,0.0012263863059286853,0.008584704141500796,0.0012263863059286853,0.0171694082830016,0.013490249365215541,0.0036791589177860564,0.0012263863059286853,6.54803840356452e-05,0.0012263863059286853,6.54803840356452e-05,0.012263863059286857,0.0036791589177860564,0.028206885036359763,0.0012263863059286855,0.007358317835572111,0.003679158917786057,6.54803840356452e-05,6.54803840356452e-05,0.0012263863059286853,0.12141224428693985,0.013490249365215541,6.54803840356452e-05,0.013490249365215541,0.0024527726118573705,0.0036791589177860564,0.022074953506716337,0.0012263863059286853,0.0036791589177860564,6.54803840356452e-05,0.0012263863059286853,0.0012263863059286853,0.0012263863059286853,0.0024527726118573705,0.0012263863059286853,0.007358317835572113,6.54803840356452e-05,0.0171694082830016,0.0036791589177860564,0.008584704141500797,0.0024527726118573705,0.03924436178971793,0.008584704141500797,0.01839579458893028,0.0036791589177860564,0.013490249365215536,6.54803840356452e-05,0.026980498730431082,0.0036791589177860564,0.007358317835572113,0.01594302197707291,0.040470748095646616,0.007358317835572113,0.014716635671144222,6.54803840356452e-05,0.01594302197707291,0.03433881656600319,0.01962218089485896,0.013490249365215541,0.007358317835572111,6.54803840356452e-05,6.54803840356452e-05,6.54803840356452e-05,0.0024527726118573705,0.0012263863059286853,0.0760359509675785,0.013490249365215541,0.0012263863059286853,6.54803840356452e-05,6.54803840356452e-05,6.54803840356452e-05,0.0036791589177860564,0.004905545223714742,0.006131931529643426,0.0024527726118573705,6.54803840356452e-05,0.02084856720078765,0.0012263863059286853,0.0012263863059286853,6.54803840356452e-05,6.54803840356452e-05,0.012263863059286857,0.0012263863059286853,0.020848567200787645,6.54803840356452e-05,0.0085847041415008,0.006131931529643426,0.0036791589177860564,0.0036791589177860564,0.02820688503635977,0.006131931529643427,0.006131931529643426,0.0012263863059286853,0.004905545223714742,0.02452772611857371,0.002452772611857371,6.54803840356452e-05,6.54803840356452e-05,0.006131931529643426,0.0024527726118573705,0.0036791589177860564,0.002452772611857371,0.0036791589177860564,0.004905545223714741,0.0012263863059286853,6.54803840356452e-05,0.007358317835572111,0.0036791589177860564
2018-11-06 10:00:00,Context_2,0.0024527726118573705,0.0024527726118573705,0.0012263863059286853,0.0024527726118573705,6.54803840356452e-05,6.54803840356452e-05,6.54803840356452e-05,0.006131931529643426,0.029433271342288445,0.009811090447429482,0.0012263863059286853,6.54803840356452e-05,0.0012263863059286853,0.002452772611857371,0.02084856720078765,0.011037476753358168,6.54803840356452e-05,6.54803840356452e-05,0.0012263863059286853,0.008584704141500796,0.0012263863059286853,0.0171694082830016,0.013490249365215541,0.0036791589177860564,0.0012263863059286853,6.54803840356452e-05,0.0012263863059286853,6.54803840356452e-05,0.012263863059286857,0.0036791589177860564,0.028206885036359763,0.0012263863059286855,0.007358317835572111,0.003679158917786057,6.54803840356452e-05,6.54803840356452e-05,0.0012263863059286853,0.12141224428693985,0.013490249365215541,6.54803840356452e-05,0.013490249365215541,0.0024527726118573705,0.0036791589177860564,0.022074953506716337,0.0012263863059286853,0.0036791589177860564,6.54803840356452e-05,0.0012263863059286853,0.0012263863059286853,0.0012263863059286853,0.0024527726118573705,0.0012263863059286853,0.007358317835572113,6.54803840356452e-05,0.0171694082830016,0.0036791589177860564,0.008584704141500797,0.0024527726118573705,0.03924436178971793,0.008584704141500797,0.01839579458893028,0.0036791589177860564,0.013490249365215536,6.54803840356452e-05,0.026980498730431082,0.0036791589177860564,0.007358317835572113,0.01594302197707291,0.040470748095646616,0.007358317835572113,0.014716635671144222,6.54803840356452e-05,0.01594302197707291,0.03433881656600319,0.01962218089485896,0.013490249365215541,0.007358317835572111,6.54803840356452e-05,6.54803840356452e-05,6.54803840356452e-05,0.0024527726118573705,0.0012263863059286853,0.0760359509675785,0.013490249365215541,0.0012263863059286853,6.54803840356452e-05,6.54803840356452e-05,6.54803840356452e-05,0.0036791589177860564,0.004905545223714742,0.006131931529643426,0.0024527726118573705,6.54803840356452e-05,0.02084856720078765,0.0012263863059286853,0.0012263863059286853,6.54803840356452e-05,6.54803840356452e-05,0.012263863059286857,0.0012263863059286853,0.020848567200787645,6.54803840356452e-05,0.0085847041415008,0.006131931529643426,0.0036791589177860564,0.0036791589177860564,0.02820688503635977,0.006131931529643427,0.006131931529643426,0.0012263863059286853,0.004905545223714742,0.02452772611857371,0.002452772611857371,6.54803840356452e-05,6.54803840356452e-05,0.006131931529643426,0.0024527726118573705,0.0036791589177860564,0.002452772611857371,0.0036791589177860564,0.004905545223714741,0.0012263863059286853,6.54803840356452e-05,0.007358317835572111,0.0036791589177860564
2018-11-06 11:00:00,Context_2,0.0024527726118573705,0.0024527726118573705,0.0012263863059286853,0.0024527726118573705,6.54803840356452e-05,6.54803840356452e-05,6.54803840356452e-05,0.006131931529643426,0.029433271342288445,0.009811090447429482,0.0012263863059286853,6.54803840356452e-05,0.0012263863059286853,0.002452772611857371,0.02084856720078765,0.011037476753358168,6.54803840356452e-05,6.54803840356452e-05,0.0012263863059286853,0.008584704141500796,0.0012263863059286853,0.0171694082830016,0.013490249365215541,0.0036791589177860564,0.0012263863059286853,6.54803840356452e-05,0.0012263863059286853,6.54803840356452e-05,0.012263863059286857,0.0036791589177860564,0.028206885036359763,0.0012263863059286855,0.007358317835572111,0.003679158917786057,6.54803840356452e-05,6.54803840356452e-05,0.0012263863059286853,0.12141224428693985,0.013490249365215541,6.54803840356452e-05,0.013490249365215541,0.0024527726118573705,0.0036791589177860564,0.022074953506716337,0.0012263863059286853,0.0036791589177860564,6.54803840356452e-05,0.0012263863059286853,0.0012263863059286853,0.0012263863059286853,0.0024527726118573705,0.0012263863059286853,0.007358317835572113,6.54803840356452e-05,0.0171694082830016,0.0036791589177860564,0.008584704141500797,0.0024527726118573705,0.03924436178971793,0.008584704141500797,0.01839579458893028,0.0036791589177860564,0.013490249365215536,6.54803840356452e-05,0.026980498730431082,0.0036791589177860564,0.007358317835572113,0.01594302197707291,0.040470748095646616,0.007358317835572113,0.014716635671144222,6.54803840356452e-05,0.01594302197707291,0.03433881656600319,0.01962218089485896,0.013490249365215541,0.007358317835572111,6.54803840356452e-05,6.54803840356452e-05,6.54803840356452e-05,0.0024527726118573705,0.0012263863059286853,0.0760359509675785,0.013490249365215541,0.0012263863059286853,6.54803840356452e-05,6.54803840356452e-05,6.54803840356452e-05,0.0036791589177860564,0.004905545223714742,0.006131931529643426,0.0024527726118573705,6.54803840356452e-05,0.02084856720078765,0.0012263863059286853,0.0012263863059286853,6.54803840356452e-05,6.54803840356452e-05,0.012263863059286857,0.0012263863059286853,0.020848567200787645,6.54803840356452e-05,0.0085847041415008,0.006131931529643426,0.0036791589177860564,0.0036791589177860564,0.02820688503635977,0.006131931529643427,0.006131931529643426,0.0012263863059286853,0.004905545223714742,0.02452772611857371,0.002452772611857371,6.54803840356452e-05,6.54803840356452e-05,0.006131931529643426,0.0024527726118573705,0.0036791589177860564,0.002452772611857371,0.0036791589177860564,0.004905545223714741,0.0012263863059286853,6.54803840356452e-05,0.007358317835572111,0.0036791589177860564
2018-11-06 12:00:00,Context_2,0.0024527726118573705,0.0024527726118573705,0.0012263863059286853,0.0024527726118573705,6.54803840356452e-05,6.54803840356452e-05,6.54803840356452e-05,0.006131931529643426,0.029433271342288445,0.009811090447429482,0.0012263863059286853,6.54803840356452e-05,0.0012263863059286853,0.002452772611857371,0.02084856720078765,0.011037476753358168,6.54803840356452e-05,6.54803840356452e-05,0.0012263863059286853,0.008584704141500796,0.0012263863059286853,0.0171694082830016,0.013490249365215541,0.0036791589177860564,0.0012263863059286853,6.54803840356452e-05,0.0012263863059286853,6.54803840356452e-05,0.012263863059286857,0.0036791589177860564,0.028206885036359763,0.0012263863059286855,0.007358317835572111,0.003679158917786057,6.54803840356452e-05,6.54803840356452e-05,0.0012263863059286853,0.12141224428693985,0.013490249365215541,6.54803840356452e-05,0.013490249365215541,0.0024527726118573705,0.0036791589177860564,0.022074953506716337,0.0012263863059286853,0.0036791589177860564,6.54803840356452e-05,0.0012263863059286853,0.0012263863059286853,0.0012263863059286853,0.0024527726118573705,0.0012263863059286853,0.007358317835572113,6.54803840356452e-05,0.0171694082830016,0.0036791589177860564,0.008584704141500797,0.0024527726118573705,0.03924436178971793,0.008584704141500797,0.01839579458893028,0.0036791589177860564,0.013490249365215536,6.54803840356452e-05,0.026980498730431082,0.0036791589177860564,0.007358317835572113,0.01594302197707291,0.040470748095646616,0.007358317835572113,0.014716635671144222,6.54803840356452e-05,0.01594302197707291,0.03433881656600319,0.01962218089485896,0.013490249365215541,0.007358317835572111,6.54803840356452e-05,6.54803840356452e-05,6.54803840356452e-05,0.0024527726118573705,0.0012263863059286853,0.0760359509675785,0.013490249365215541,0.0012263863059286853,6.54803840356452e-05,6.54803840356452e-05,6.54803840356452e-05,0.0036791589177860564,0.004905545223714742,0.006131931529643426,0.0024527726118573705,6.54803840356452e-05,0.02084856720078765,0.0012263863059286853,0.0012263863059286853,6.54803840356452e-05,6.54803840356452e-05,0.012263863059286857,0.0012263863059286853,0.020848567200787645,6.54803840356452e-05,0.0085847041415008,0.006131931529643426,0.0036791589177860564,0.0036791589177860564,0.02820688503635977,0.006131931529643427,0.006131931529643426,0.0012263863059286853,0.004905545223714742,0.02452772611857371,0.002452772611857371,6.54803840356452e-05,6.54803840356452e-05,0.006131931529643426,0.0024527726118573705,0.0036791589177860564,0.002452772611857371,0.0036791589177860564,0.004905545223714741,0.0012263863059286853,6.54803840356452e-05,0.007358317835572111,0.0036791589177860564
2018-11-06 13:00:00,Context_2,0.0024527726118573705,0.0024527726118573705,0.0012263863059286853,0.0024527726118573705,6.54803840356452e-05,6.54803840356452e-05,6.54803840356452e-05,0.006131931529643426,0.029433271342288445,0.009811090447429482,0.0012263863059286853,6.54803840356452e-05,0.0012263863059286853,0.002452772611857371,0.02084856720078765,0.011037476753358168,6.54803840356452e-05,6.54803840356452e-05,0.0012263863059286853,0.008584704141500796,0.0012263863059286853,0.0171694082830016,0.013490249365215541,0.0036791589177860564,0.0012263863059286853,6.54803840356452e-05,0.0012263863059286853,6.54803840356452e-05,0.012263863059286857,0.0036791589177860564,0.028206885036359763,0.0012263863059286855,0.007358317835572111,0.003679158917786057,6.54803840356452e-05,6.54803840356452e-05,0.0012263863059286853,0.12141224428693985,0.013490249365215541,6.54803840356452e-05,0.013490249365215541,0.0024527726118573705,0.0036791589177860564,0.022074953506716337,0.0012263863059286853,0.0036791589177860564,6.54803840356452e-05,0.0012263863059286853,0.0012263863059286853,0.0012263863059286853,0.0024527726118573705,0.0012263863059286853,0.007358317835572113,6.54803840356452e-05,0.0171694082830016,0.0036791589177860564,0.008584704141500797,0.0024527726118573705,0.03924436178971793,0.008584704141500797,0.01839579458893028,0.0036791589177860564,0.013490249365215536,6.54803840356452e-05,0.026980498730431082,0.0036791589177860564,0.007358317835572113,0.01594302197707291,0.040470748095646616,0.007358317835572113,0.014716635671144222,6.54803840356452e-05,0.01594302197707291,0.03433881656600319,0.01962218089485896,0.013490249365215541,0.007358317835572111,6.54803840356452e-05,6.54803840356452e-05,6.54803840356452e-05,0.0024527726118573705,0.0012263863059286853,0.0760359509675785,0.013490249365215541,0.0012263863059286853,6.54803840356452e-05,6.54803840356452e-05,6.54803840356452e-05,0.0036791589177860564,0.004905545223714742,0.006131931529643426,0.0024527726118573705,6.54803840356452e-05,0.02084856720078765,0.0012263863059286853,0.0012263863059286853,6.54803840356452e-05,6.54803840356452e-05,0.012263863059286857,0.0012263863059286853,0.020848567200787645,6.54803840356452e-05,0.0085847041415008,0.006131931529643426,0.0036791589177860564,0.0036791589177860564,0.02820688503635977,0.006131931529643427,0.006131931529643426,0.0012263863059286853,0.004905545223714742,0.02452772611857371,0.002452772611857371,6.54803840356452e-05,6.54803840356452e-05,0.006131931529643426,0.0024527726118573705,0.0036791589177860564,0.002452772611857371,0.0036791589177860564,0.004905545223714741,0.0012263863059286853,6.54803840356452e-05,0.007358317835572111,0.0036791589177860564
2018-11-06 14:00:00,Context_2,0.0024527726118573705,0.0024527726118573705,0.0012263863059286853,0.0024527726118573705,6.54803840356452e-05,6.54803840356452e-05,6.54803840356452e-05,0.006131931529643426,0.029433271342288445,0.009811090447429482,0.0012263863059286853,6.54803840356452e-05,0.0012263863059286853,0.002452772611857371,0.02084856720078765,0.011037476753358168,6.54803840356452e-05,6.54803840356452e-05,0.0012263863059286853,0.008584704141500796,0.0012263863059286853,0.0171694082830016,0.013490249365215541,0.0036791589177860564,0.0012263863059286853,6.54803840356452e-05,0.0012263863059286853,6.54803840356452e-05,0.012263863059286857,0.0036791589177860564,0.028206885036359763,0.0012263863059286855,0.007358317835572111,0.003679158917786057,6.54803840356452e-05,6.54803840356452e-05,0.0012263863059286853,0.12141224428693985,0.013490249365215541,6.54803840356452e-05,0.013490249365215541,0.0024527726118573705,0.0036791589177860564,0.022074953506716337,0.0012263863059286853,0.0036791589177860564,6.54803840356452e-05,0.0012263863059286853,0.0012263863059286853,0.0012263863059286853,0.0024527726118573705,0.0012263863059286853,0.007358317835572113,6.54803840356452e-05,0.0171694082830016,0.0036791589177860564,0.008584704141500797,0.0024527726118573705,0.03924436178971793,0.008584704141500797,0.01839579458893028,0.0036791589177860564,0.013490249365215536,6.54803840356452e-05,0.026980498730431082,0.0036791589177860564,0.007358317835572113,0.01594302197707291,0.040470748095646616,0.007358317835572113,0.014716635671144222,6.54803840356452e-05,0.01594302197707291,0.03433881656600319,0.01962218089485896,0.013490249365215541,0.007358317835572111,6.54803840356452e-05,6.54803840356452e-05,6.54803840356452e-05,0.0024527726118573705,0.0012263863059286853,0.0760359509675785,0.013490249365215541,0.0012263863059286853,6.54803840356452e-05,6.54803840356452e-05,6.54803840356452e-05,0.0036791589177860564,0.004905545223714742,0.006131931529643426,0.0024527726118573705,6.54803840356452e-05,0.02084856720078765,0.0012263863059286853,0.0012263863059286853,6.54803840356452e-05,6.54803840356452e-05,0.012263863059286857,0.0012263863059286853,0.020848567200787645,6.54803840356452e-05,0.0085847041415008,0.006131931529643426,0.0036791589177860564,0.0036791589177860564,0.02820688503635977,0.006131931529643427,0.006131931529643426,0.0012263863059286853,0.004905545223714742,0.02452772611857371,0.002452772611857371,6.54803840356452e-05,6.54803840356452e-05,0.006131931529643426,0.0024527726118573705,0.0036791589177860564,0.002452772611857371,0.0036791589177860564,0.004905545223714741,0.0012263863059286853,6.54803840356452e-05,0.007358317835572111,0.0036791589177860564
2018-11-06 15:00:00,Context_2,0.0024527726118573705,0.0024527726118573705,0.0012263863059286853,0.0024527726118573705,6.54803840356452e-05,6.54803840356452e-05,6.54803840356452e-05,0.006131931529643426,0.029433271342288445,0.009811090447429482,0.0012263863059286853,6.54803840356452e-05,0.0012263863059286853,0.002452772611857371,0.02084856720078765,0.011037476753358168,6.54803840356452e-05,6.54803840356452e-05,0.0012263863059286853,0.008584704141500796,0.0012263863059286853,0.0171694082830016,0.013490249365215541,0.0036791589177860564,0.0012263863059286853,6.54803840356452e-05,0.0012263863059286853,6.54803840356452e-05,0.012263863059286857,0.0036791589177860564,0.028206885036359763,0.0012263863059286855,0.007358317835572111,0.003679158917786057,6.54803840356452e-05,6.54803840356452e-05,0.0012263863059286853,0.12141224428693985,0.013490249365215541,6.54803840356452e-05,0.013490249365215541,0.0024527726118573705,0.0036791589177860564,0.022074953506716337,0.0012263863059286853,0.0036791589177860564,6.54803840356452e-05,0.0012263863059286853,0.0012263863059286853,0.0012263863059286853,0.0024527726118573705,0.0012263863059286853,0.007358317835572113,6.54803840356452e-05,0.0171694082830016,0.0036791589177860564,0.008584704141500797,0.0024527726118573705,0.03924436178971793,0.008584704141500797,0.01839579458893028,0.0036791589177860564,0.013490249365215536,6.54803840356452e-05,0.026980498730431082,0.0036791589177860564,0.007358317835572113,0.01594302197707291,0.040470748095646616,0.007358317835572113,0.014716635671144222,6.54803840356452e-05,0.01594302197707291,0.03433881656600319,0.01962218089485896,0.013490249365215541,0.007358317835572111,6.54803840356452e-05,6.54803840356452e-05,6.54803840356452e-05,0.0024527726118573705,0.0012263863059286853,0.0760359509675785,0.013490249365215541,0.0012263863059286853,6.54803840356452e-05,6.54803840356452e-05,6.54803840356452e-05,0.0036791589177860564,0.004905545223714742,0.006131931529643426,0.0024527726118573705,6.54803840356452e-05,0.02084856720078765,0.0012263863059286853,0.0012263863059286853,6.54803840356452e-05,6.54803840356452e-05,0.012263863059286857,0.0012263863059286853,0.020848567200787645,6.54803840356452e-05,0.0085847041415008,0.006131931529643426,0.0036791589177860564,0.0036791589177860564,0.02820688503635977,0.006131931529643427,0.006131931529643426,0.0012263863059286853,0.004905545223714742,0.02452772611857371,0.002452772611857371,6.54803840356452e-05,6.54803840356452e-05,0.006131931529643426,0.0024527726118573705,0.0036791589177860564,0.002452772611857371,0.0036791589177860564,0.004905545223714741,0.0012263863059286853,6.54803840356452e-05,0.007358317835572111,0.0036791589177860564
2018-11-06 16:00:00,Context_2,0.0024527726118573705,0.0024527726118573705,0.0012263863059286853,0.0024527726118573705,6.54803840356452e-05,6.54803840356452e-05,6.54803840356452e-05,0.006131931529643426,0.029433271342288445,0.009811090447429482,0.0012263863059286853,6.54803840356452e-05,0.0012263863059286853,0.002452772611857371,0.02084856720078765,0.011037476753358168,6.54803840356452e-05,6.54803840356452e-05,0.0012263863059286853,0.008584704141500796,0.0012263863059286853,0.0171694082830016,0.013490249365215541,0.0036791589177860564,0.0012263863059286853,6.54803840356452e-05,0.0012263863059286853,6.54803840356452e-05,0.012263863059286857,0.0036791589177860564,0.028206885036359763,0.0012263863059286855,0.007358317835572111,0.003679158917786057,6.54803840356452e-05,6.54803840356452e-05,0.0012263863059286853,0.12141224428693985,0.013490249365215541,6.54803840356452e-05,0.013490249365215541,0.0024527726118573705,0.0036791589177860564,0.022074953506716337,0.0012263863059286853,0.0036791589177860564,6.54803840356452e-05,0.0012263863059286853,0.0012263863059286853,0.0012263863059286853,0.0024527726118573705,0.0012263863059286853,0.007358317835572113,6.54803840356452e-05,0.0171694082830016,0.0036791589177860564,0.008584704141500797,0.0024527726118573705,0.03924436178971793,0.008584704141500797,0.01839579458893028,0.0036791589177860564,0.013490249365215536,6.54803840356452e-05,0.026980498730431082,0.0036791589177860564,0.007358317835572113,0.01594302197707291,0.040470748095646616,0.007358317835572113,0.014716635671144222,6.54803840356452e-05,0.01594302197707291,0.03433881656600319,0.01962218089485896,0.013490249365215541,0.007358317835572111,6.54803840356452e-05,6.54803840356452e-05,6.54803840356452e-05,0.0024527726118573705,0.0012263863059286853,0.0760359509675785,0.013490249365215541,0.0012263863059286853,6.54803840356452e-05,6.54803840356452e-05,6.54803840356452e-05,0.0036791589177860564,0.004905545223714742,0.006131931529643426,0.0024527726118573705,6.54803840356452e-05,0.02084856720078765,0.0012263863059286853,0.0012263863059286853,6.54803840356452e-05,6.54803840356452e-05,0.012263863059286857,0.0012263863059286853,0.020848567200787645,6.54803840356452e-05,0.0085847041415008,0.006131931529643426,0.0036791589177860564,0.0036791589177860564,0.02820688503635977,0.006131931529643427,0.006131931529643426,0.0012263863059286853,0.004905545223714742,0.02452772611857371,0.002452772611857371,6.54803840356452e-05,6.54803840356452e-05,0.006131931529643426,0.0024527726118573705,0.0036791589177860564,0.002452772611857371,0.0036791589177860564,0.004905545223714741,0.0012263863059286853,6.54803840356452e-05,0.007358317835572111,0.0036791589177860564
2018-11-06 17:00:00,Context_2,0.0024527726118573705,0.0024527726118573705,0.0012263863059286853,0.0024527726118573705,6.54803840356452e-05,6.54803840356452e-05,6.54803840356452e-05,0.006131931529643426,0.029433271342288445,0.009811090447429482,0.0012263863059286853,6.54803840356452e-05,0.0012263863059286853,0.002452772611857371,0.02084856720078765,0.011037476753358168,6.54803840356452e-05,6.54803840356452e-05,0.0012263863059286853,0.008584704141500796,0.0012263863059286853,0.0171694082830016,0.013490249365215541,0.0036791589177860564,0.0012263863059286853,6.54803840356452e-05,0.0012263863059286853,6.54803840356452e-05,0.012263863059286857,0.0036791589177860564,0.028206885036359763,0.0012263863059286855,0.007358317835572111,0.003679158917786057,6.54803840356452e-05,6.54803840356452e-05,0.0012263863059286853,0.12141224428693985,0.013490249365215541,6.54803840356452e-05,0.013490249365215541,0.0024527726118573705,0.0036791589177860564,0.022074953506716337,0.0012263863059286853,0.0036791589177860564,6.54803840356452e-05,0.0012263863059286853,0.0012263863059286853,0.0012263863059286853,0.0024527726118573705,0.0012263863059286853,0.007358317835572113,6.54803840356452e-05,0.0171694082830016,0.0036791589177860564,0.008584704141500797,0.0024527726118573705,0.03924436178971793,0.008584704141500797,0.01839579458893028,0.0036791589177860564,0.013490249365215536,6.54803840356452e-05,0.026980498730431082,0.0036791589177860564,0.007358317835572113,0.01594302197707291,0.040470748095646616,0.007358317835572113,0.014716635671144222,6.54803840356452e-05,0.01594302197707291,0.03433881656600319,0.01962218089485896,0.013490249365215541,0.007358317835572111,6.54803840356452e-05,6.54803840356452e-05,6.54803840356452e-05,0.0024527726118573705,0.0012263863059286853,0.0760359509675785,0.013490249365215541,0.0012263863059286853,6.54803840356452e-05,6.54803840356452e-05,6.54803840356452e-05,0.0036791589177860564,0.004905545223714742,0.006131931529643426,0.0024527726118573705,6.54803840356452e-05,0.02084856720078765,0.0012263863059286853,0.0012263863059286853,6.54803840356452e-05,6.54803840356452e-05,0.012263863059286857,0.0012263863059286853,0.020848567200787645,6.54803840356452e-05,0.0085847041415008,0.006131931529643426,0.0036791589177860564,0.0036791589177860564,0.02820688503635977,0.006131931529643427,0.006131931529643426,0.0012263863059286853,0.004905545223714742,0.02452772611857371,0.002452772611857371,6.54803840356452e-05,6.54803840356452e-05,0.006131931529643426,0.0024527726118573705,0.0036791589177860564,0.002452772611857371,0.0036791589177860564,0.004905545223714741,0.0012263863059286853,6.54803840356452e-05,0.007358317835572111,0.0036791589177860564
2018-11-06 18:00:00,Context_2,0.0024527726118573705,0.0024527726118573705,0.0012263863059286853,0.0024527726118573705,6.54803840356452e-05,6.54803840356452e-05,6.54803840356452e-05,0.006131931529643426,0.029433271342288445,0.009811090447429482,0.0012263863059286853,6.54803840356452e-05,0.0012263863059286853,0.002452772611857371,0.02084856720078765,0.011037476753358168,6.54803840356452e-05,6.54803840356452e-05,0.0012263863059286853,0.008584704141500796,0.0012263863059286853,0.0171694082830016,0.013490249365215541,0.0036791589177860564,0.0012263863059286853,6.54803840356452e-05,0.0012263863059286853,6.54803840356452e-05,0.012263863059286857,0.0036791589177860564,0.028206885036359763,0.0012263863059286855,0.007358317835572111,0.003679158917786057,6.54803840356452e-05,6.54803840356452e-05,0.0012263863059286853,0.12141224428693985,0.013490249365215541,6.54803840356452e-05,0.013490249365215541,0.0024527726118573705,0.0036791589177860564,0.022074953506716337,0.0012263863059286853,0.0036791589177860564,6.54803840356452e-05,0.0012263863059286853,0.0012263863059286853,0.0012263863059286853,0.0024527726118573705,0.0012263863059286853,0.007358317835572113,6.54803840356452e-05,0.0171694082830016,0.0036791589177860564,0.008584704141500797,0.0024527726118573705,0.03924436178971793,0.008584704141500797,0.01839579458893028,0.0036791589177860564,0.013490249365215536,6.54803840356452e-05,0.026980498730431082,0.0036791589177860564,0.007358317835572113,0.01594302197707291,0.040470748095646616,0.007358317835572113,0.014716635671144222,6.54803840356452e-05,0.01594302197707291,0.03433881656600319,0.01962218089485896,0.013490249365215541,0.007358317835572111,6.54803840356452e-05,6.54803840356452e-05,6.54803840356452e-05,0.0024527726118573705,0.0012263863059286853,0.0760359509675785,0.013490249365215541,0.0012263863059286853,6.54803840356452e-05,6.54803840356452e-05,6.54803840356452e-05,0.0036791589177860564,0.004905545223714742,0.006131931529643426,0.0024527726118573705,6.54803840356452e-05,0.02084856720078765,0.0012263863059286853,0.0012263863059286853,6.54803840356452e-05,6.54803840356452e-05,0.012263863059286857,0.0012263863059286853,0.020848567200787645,6.54803840356452e-05,0.0085847041415008,0.006131931529643426,0.0036791589177860564,0.0036791589177860564,0.02820688503635977,0.006131931529643427,0.006131931529643426,0.0012263863059286853,0.004905545223714742,0.02452772611857371,0.002452772611857371,6.54803840356452e-05,6.54803840356452e-05,0.006131931529643426,0.0024527726118573705,0.0036791589177860564,0.002452772611857371,0.0036791589177860564,0.004905545223714741,0.0012263863059286853,6.54803840356452e-05,0.007358317835572111,0.0036791589177860564
2018-11-06 19:00:00,Context_2,0.0024527726118573705,0.0024527726118573705,0.0012263863059286853,0.0024527726118573705,6.54803840356452e-05,6.54803840356452e-05,6.54803840356452e-05,0.006131931529643426,0.029433271342288445,0.009811090447429482,0.0012263863059286853,6.54803840356452e-05,0.0012263863059286853,0.002452772611857371,0.02084856720078765,0.011037476753358168,6.54803840356452e-05,6.54803840356452e-05,0.0012263863059286853,0.008584704141500796,0.0012263863059286853,0.0171694082830016,0.013490249365215541,0.0036791589177860564,0.0012263863059286853,6.54803840356452e-05,0.0012263863059286853,6.54803840356452e-05,0.012263863059286857,0.0036791589177860564,0.028206885036359763,0.0012263863059286855,0.007358317835572111,0.003679158917786057,6.54803840356452e-05,6.54803840356452e-05,0.0012263863059286853,0.12141224428693985,0.013490249365215541,6.54803840356452e-05,0.013490249365215541,0.0024527726118573705,0.0036791589177860564,0.022074953506716337,0.0012263863059286853,0.0036791589177860564,6.54803840356452e-05,0.0012263863059286853,0.0012263863059286853,0.0012263863059286853,0.0024527726118573705,0.0012263863059286853,0.007358317835572113,6.54803840356452e-05,0.0171694082830016,0.0036791589177860564,0.008584704141500797,0.0024527726118573705,0.03924436178971793,0.008584704141500797,0.01839579458893028,0.0036791589177860564,0.013490249365215536,6.54803840356452e-05,0.026980498730431082,0.0036791589177860564,0.007358317835572113,0.01594302197707291,0.040470748095646616,0.007358317835572113,0.014716635671144222,6.54803840356452e-05,0.01594302197707291,0.03433881656600319,0.01962218089485896,0.013490249365215541,0.007358317835572111,6.54803840356452e-05,6.54803840356452e-05,6.54803840356452e-05,0.0024527726118573705,0.0012263863059286853,0.0760359509675785,0.013490249365215541,0.0012263863059286853,6.54803840356452e-05,6.54803840356452e-05,6.54803840356452e-05,0.0036791589177860564,0.004905545223714742,0.006131931529643426,0.0024527726118573705,6.54803840356452e-05,0.02084856720078765,0.0012263863059286853,0.0012263863059286853,6.54803840356452e-05,6.54803840356452e-05,0.012263863059286857,0.0012263863059286853,0.020848567200787645,6.54803840356452e-05,0.0085847041415008,0.006131931529643426,0.0036791589177860564,0.0036791589177860564,0.02820688503635977,0.006131931529643427,0.006131931529643426,0.0012263863059286853,0.004905545223714742,0.02452772611857371,0.002452772611857371,6.54803840356452e-05,6.54803840356452e-05,0.006131931529643426,0.0024527726118573705,0.0036791589177860564,0.002452772611857371,0.0036791589177860564,0.004905545223714741,0.0012263863059286853,6.54803840356452e-05,0.007358317835572111,0.0036791589177860564
2018-11-06 20:00:00,Context_2,0.0024527726118573705,0.0024527726118573705,0.0012263863059286853,0.0024527726118573705,6.54803840356452e-05,6.54803840356452e-05,6.54803840356452e-05,0.006131931529643426,0.029433271342288445,0.009811090447429482,0.0012263863059286853,6.54803840356452e-05,0.0012263863059286853,0.002452772611857371,0.02084856720078765,0.011037476753358168,6.54803840356452e-05,6.54803840356452e-05,0.0012263863059286853,0.008584704141500796,0.0012263863059286853,0.0171694082830016,0.013490249365215541,0.0036791589177860564,0.0012263863059286853,6.54803840356452e-05,0.0012263863059286853,6.54803840356452e-05,0.012263863059286857,0.0036791589177860564,0.028206885036359763,0.0012263863059286855,0.007358317835572111,0.003679158917786057,6.54803840356452e-05,6.54803840356452e-05,0.0012263863059286853,0.12141224428693985,0.013490249365215541,6.54803840356452e-05,0.013490249365215541,0.0024527726118573705,0.0036791589177860564,0.022074953506716337,0.0012263863059286853,0.0036791589177860564,6.54803840356452e-05,0.0012263863059286853,0.0012263863059286853,0.0012263863059286853,0.0024527726118573705,0.0012263863059286853,0.007358317835572113,6.54803840356452e-05,0.0171694082830016,0.0036791589177860564,0.008584704141500797,0.0024527726118573705,0.03924436178971793,0.008584704141500797,0.01839579458893028,0.0036791589177860564,0.013490249365215536,6.54803840356452e-05,0.026980498730431082,0.0036791589177860564,0.007358317835572113,0.01594302197707291,0.040470748095646616,0.007358317835572113,0.014716635671144222,6.54803840356452e-05,0.01594302197707291,0.03433881656600319,0.01962218089485896,0.013490249365215541,0.007358317835572111,6.54803840356452e-05,6.54803840356452e-05,6.54803840356452e-05,0.0024527726118573705,0.0012263863059286853,0.0760359509675785,0.013490249365215541,0.0012263863059286853,6.54803840356452e-05,6.54803840356452e-05,6.54803840356452e-05,0.0036791589177860564,0.004905545223714742,0.006131931529643426,0.0024527726118573705,6.54803840356452e-05,0.02084856720078765,0.0012263863059286853,0.0012263863059286853,6.54803840356452e-05,6.54803840356452e-05,0.012263863059286857,0.0012263863059286853,0.020848567200787645,6.54803840356452e-05,0.0085847041415008,0.006131931529643426,0.0036791589177860564,0.0036791589177860564,0.02820688503635977,0.006131931529643427,0.006131931529643426,0.0012263863059286853,0.004905545223714742,0.02452772611857371,0.002452772611857371,6.54803840356452e-05,6.54803840356452e-05,0.006131931529643426,0.0024527726118573705,0.0036791589177860564,0.002452772611857371,0.0036791589177860564,0.004905545223714741,0.0012263863059286853,6.54803840356452e-05,0.007358317835572111,0.0036791589177860564
2018-11-06 21:00:00,Context_8,6.54803840356452e-05,6.54803840356452e-05,0.04149273668392052,6.54803840356452e-05,6.54803840356452e-05,6.54803840356452e-05,6.54803840356452e-05,6.54803840356452e-05,6.54803840356452e-05,6.54803840356452e-05,6.54803840356452e-05,6.54803840356452e-05,6.54803840356452e-05,6.54803840356452e-05,0.04149273668392051,6.54803840356452e-05,6.54803840356452e-05,6.54803840356452e-05,6.54803840356452e-05,6.54803840356452e-05,6.54803840356452e-05,6.54803840356452e-05,6.54803840356452e-05,6.54803840356452e-05,6.54803840356452e-05,6.54803840356452e-05,6.54803840356452e-05,6.54803840356452e-05,6.54803840356452e-05,6.54803840356452e-05,6.54803840356452e-05,6.54803840356452e-05,0.08298547336784104,6.54803840356452e-05,6.54803840356452e-05,6.54803840356452e-05,6.54803840356452e-05,0.08298547336784105,6.54803840356452e-05,6.54803840356452e-05,0.04149273668392051,6.54803840356452e-05,6.54803840356452e-05,0.08298547336784104,6.54803840356452e-05,6.54803840356452e-05,6.54803840356452e-05,6.54803840356452e-05,6.54803840356452e-05,6.54803840356452e-05,6.54803840356452e-05,6.54803840356452e-05,6.54803840356452e-05,6.54803840356452e-05,6.54803840356452e-05,6.54803840356452e-05,6.54803840356452e-05,6.54803840356452e-05,0.04149273668392052,6.54803840356452e-05,0.04149273668392052,6.54803840356452e-05,6.54803840356452e-05,6.54803840356452e-05,6.54803840356452e-05,6.54803840356452e-05,6.54803840356452e-05,0.04149273668392052,6.54803840356452e-05,6.54803840356452e-05,6.54803840356452e-05,6.54803840356452e-05,6.54803840356452e-05,6.54803840356452e-05,6.54803840356452e-05,6.54803840356452e-05,6.54803840356452e-05,6.54803840356452e-05,6.54803840356452e-05,6.54803840356452e-05,6.54803840356452e-05,6.54803840356452e-05,0.08298547336784104,6.54803840356452e-05,6.54803840356452e-05,6.54803840356452e-05,6.54803840356452e-05,6.54803840356452e-05,6.54803840356452e-05,6.54803840356452e-05,6.54803840356452e-05,6.54803840356452e-05,6.54803840356452e-05,6.54803840356452e-05,6.54803840356452e-05,6.54803840356452e-05,6.54803840356452e-05,6.54803840356452e-05,0.04149273668392052,6.54803840356452e-05,6.54803840356452e-05,6.54803840356452e-05,6.54803840356452e-05,6.54803840356452e-05,6.54803840356452e-05,6.54803840356452e-05,6.54803840356452e-05,6.54803840356452e-05,6.54803840356452e-05,6.54803840356452e-05,6.54803840356452e-05,0.04149273668392052,6.54803840356452e-05,6.54803840356452e-05,6.54803840356452e-05,6.54803840356452e-05,6.54803840356452e-05,6.54803840356452e-05,6.54803840356452e-05,6.54803840356452e-05,6.54803840356452e-05,6.54803840356452e-05,6.54803840356452e-05,0.04149273668392052,6.54803840356452e-05
2018-11-06 22:00:00,Context_2,0.0024527726118573705,0.0024527726118573705,0.0012263863059286853,0.0024527726118573705,6.54803840356452e-05,6.54803840356452e-05,6.54803840356452e-05,0.006131931529643426,0.029433271342288445,0.009811090447429482,0.0012263863059286853,6.54803840356452e-05,0.0012263863059286853,0.002452772611857371,0.02084856720078765,0.011037476753358168,6.54803840356452e-05,6.54803840356452e-05,0.0012263863059286853,0.008584704141500796,0.0012263863059286853,0.0171694082830016,0.013490249365215541,0.0036791589177860564,0.0012263863059286853,6.54803840356452e-05,0.0012263863059286853,6.54803840356452e-05,0.012263863059286857,0.0036791589177860564,0.028206885036359763,0.0012263863059286855,0.007358317835572111,0.003679158917786057,6.54803840356452e-05,6.54803840356452e-05,0.0012263863059286853,0.12141224428693985,0.013490249365215541,6.54803840356452e-05,0.013490249365215541,0.0024527726118573705,0.0036791589177860564,0.022074953506716337,0.0012263863059286853,0.0036791589177860564,6.54803840356452e-05,0.0012263863059286853,0.0012263863059286853,0.0012263863059286853,0.0024527726118573705,0.0012263863059286853,0.007358317835572113,6.54803840356452e-05,0.0171694082830016,0.0036791589177860564,0.008584704141500797,0.0024527726118573705,0.03924436178971793,0.008584704141500797,0.01839579458893028,0.0036791589177860564,0.013490249365215536,6.54803840356452e-05,0.026980498730431082,0.0036791589177860564,0.007358317835572113,0.01594302197707291,0.040470748095646616,0.007358317835572113,0.014716635671144222,6.54803840356452e-05,0.01594302197707291,0.03433881656600319,0.01962218089485896,0.013490249365215541,0.007358317835572111,6.54803840356452e-05,6.54803840356452e-05,6.54803840356452e-05,0.0024527726118573705,0.0012263863059286853,0.0760359509675785,0.013490249365215541,0.0012263863059286853,6.54803840356452e-05,6.54803840356452e-05,6.54803840356452e-05,0.0036791589177860564,0.004905545223714742,0.006131931529643426,0.0024527726118573705,6.54803840356452e-05,0.02084856720078765,0.0012263863059286853,0.0012263863059286853,6.54803840356452e-05,6.54803840356452e-05,0.012263863059286857,0.0012263863059286853,0.020848567200787645,6.54803840356452e-05,0.0085847041415008,0.006131931529643426,0.0036791589177860564,0.0036791589177860564,0.02820688503635977,0.006131931529643427,0.006131931529643426,0.0012263863059286853,0.004905545223714742,0.02452772611857371,0.002452772611857371,6.54803840356452e-05,6.54803840356452e-05,0.006131931529643426,0.0024527726118573705,0.0036791589177860564,0.002452772611857371,0.0036791589177860564,0.004905545223714741,0.0012263863059286853,6.54803840356452e-05,0.007358317835572111,0.0036791589177860564
2018-11-06 23:00:00,Context_8,6.54803840356452e-05,6.54803840356452e-05,0.04149273668392052,6.54803840356452e-05,6.54803840356452e-05,6.54803840356452e-05,6.54803840356452e-05,6.54803840356452e-05,6.54803840356452e-05,6.54803840356452e-05,6.54803840356452e-05,6.54803840356452e-05,6.54803840356452e-05,6.54803840356452e-05,0.04149273668392051,6.54803840356452e-05,6.54803840356452e-05,6.54803840356452e-05,6.54803840356452e-05,6.54803840356452e-05,6.54803840356452e-05,6.54803840356452e-05,6.54803840356452e-05,6.54803840356452e-05,6.54803840356452e-05,6.54803840356452e-05,6.54803840356452e-05,6.54803840356452e-05,6.54803840356452e-05,6.54803840356452e-05,6.54803840356452e-05,6.54803840356452e-05,0.08298547336784104,6.54803840356452e-05,6.54803840356452e-05,6.54803840356452e-05,6.54803840356452e-05,0.08298547336784105,6.54803840356452e-05,6.54803840356452e-05,0.04149273668392051,6.54803840356452e-05,6.54803840356452e-05,0.08298547336784104,6.54803840356452e-05,6.54803840356452e-05,6.54803840356452e-05,6.54803840356452e-05,6.54803840356452e-05,6.54803840356452e-05,6.54803840356452e-05,6.54803840356452e-05,6.54803840356452e-05,6.54803840356452e-05,6.54803840356452e-05,6.54803840356452e-05,6.54803840356452e-05,6.54803840356452e-05,0.04149273668392052,6.54803840356452e-05,0.04149273668392052,6.54803840356452e-05,6.54803840356452e-05,6.54803840356452e-05,6.54803840356452e-05,6.54803840356452e-05,6.54803840356452e-05,0.04149273668392052,6.54803840356452e-05,6.54803840356452e-05,6.54803840356452e-05,6.54803840356452e-05,6.54803840356452e-05,6.54803840356452e-05,6.54803840356452e-05,6.54803840356452e-05,6.54803840356452e-05,6.54803840356452e-05,6.54803840356452e-05,6.54803840356452e-05,6.54803840356452e-05,6.54803840356452e-05,0.08298547336784104,6.54803840356452e-05,6.54803840356452e-05,6.54803840356452e-05,6.54803840356452e-05,6.54803840356452e-05,6.54803840356452e-05,6.54803840356452e-05,6.54803840356452e-05,6.54803840356452e-05,6.54803840356452e-05,6.54803840356452e-05,6.54803840356452e-05,6.54803840356452e-05,6.54803840356452e-05,6.54803840356452e-05,0.04149273668392052,6.54803840356452e-05,6.54803840356452e-05,6.54803840356452e-05,6.54803840356452e-05,6.54803840356452e-05,6.54803840356452e-05,6.54803840356452e-05,6.54803840356452e-05,6.54803840356452e-05,6.54803840356452e-05,6.54803840356452e-05,6.54803840356452e-05,0.04149273668392052,6.54803840356452e-05,6.54803840356452e-05,6.54803840356452e-05,6.54803840356452e-05,6.54803840356452e-05,6.54803840356452e-05,6.54803840356452e-05,6.54803840356452e-05,6.54803840356452e-05,6.54803840356452e-05,6.54803840356452e-05,0.04149273668392052,6.54803840356452e-05
2018-11-07 00:00:00,Context_8,6.54803840356452e-05,6.54803840356452e-05,0.04149273668392052,6.54803840356452e-05,6.54803840356452e-05,6.54803840356452e-05,6.54803840356452e-05,6.54803840356452e-05,6.54803840356452e-05,6.54803840356452e-05,6.54803840356452e-05,6.54803840356452e-05,6.54803840356452e-05,6.54803840356452e-05,0.04149273668392051,6.54803840356452e-05,6.54803840356452e-05,6.54803840356452e-05,6.54803840356452e-05,6.54803840356452e-05,6.54803840356452e-05,6.54803840356452e-05,6.54803840356452e-05,6.54803840356452e-05,6.54803840356452e-05,6.54803840356452e-05,6.54803840356452e-05,6.54803840356452e-05,6.54803840356452e-05,6.54803840356452e-05,6.54803840356452e-05,6.54803840356452e-05,0.08298547336784104,6.54803840356452e-05,6.54803840356452e-05,6.54803840356452e-05,6.54803840356452e-05,0.08298547336784105,6.54803840356452e-05,6.54803840356452e-05,0.04149273668392051,6.54803840356452e-05,6.54803840356452e-05,0.08298547336784104,6.54803840356452e-05,6.54803840356452e-05,6.54803840356452e-05,6.54803840356452e-05,6.54803840356452e-05,6.54803840356452e-05,6.54803840356452e-05,6.54803840356452e-05,6.54803840356452e-05,6.54803840356452e-05,6.54803840356452e-05,6.54803840356452e-05,6.54803840356452e-05,6.54803840356452e-05,0.04149273668392052,6.54803840356452e-05,0.04149273668392052,6.54803840356452e-05,6.54803840356452e-05,6.54803840356452e-05,6.54803840356452e-05,6.54803840356452e-05,6.54803840356452e-05,0.04149273668392052,6.54803840356452e-05,6.54803840356452e-05,6.54803840356452e-05,6.54803840356452e-05,6.54803840356452e-05,6.54803840356452e-05,6.54803840356452e-05,6.54803840356452e-05,6.54803840356452e-05,6.54803840356452e-05,6.54803840356452e-05,6.54803840356452e-05,6.54803840356452e-05,6.54803840356452e-05,0.08298547336784104,6.54803840356452e-05,6.54803840356452e-05,6.54803840356452e-05,6.54803840356452e-05,6.54803840356452e-05,6.54803840356452e-05,6.54803840356452e-05,6.54803840356452e-05,6.54803840356452e-05,6.54803840356452e-05,6.54803840356452e-05,6.54803840356452e-05,6.54803840356452e-05,6.54803840356452e-05,6.54803840356452e-05,0.04149273668392052,6.54803840356452e-05,6.54803840356452e-05,6.54803840356452e-05,6.54803840356452e-05,6.54803840356452e-05,6.54803840356452e-05,6.54803840356452e-05,6.54803840356452e-05,6.54803840356452e-05,6.54803840356452e-05,6.54803840356452e-05,6.54803840356452e-05,0.04149273668392052,6.54803840356452e-05,6.54803840356452e-05,6.54803840356452e-05,6.54803840356452e-05,6.54803840356452e-05,6.54803840356452e-05,6.54803840356452e-05,6.54803840356452e-05,6.54803840356452e-05,6.54803840356452e-05,6.54803840356452e-05,0.04149273668392052,6.54803840356452e-05
2018-11-07 01:00:00,Context_8,6.54803840356452e-05,6.54803840356452e-05,0.04149273668392052,6.54803840356452e-05,6.54803840356452e-05,6.54803840356452e-05,6.54803840356452e-05,6.54803840356452e-05,6.54803840356452e-05,6.54803840356452e-05,6.54803840356452e-05,6.54803840356452e-05,6.54803840356452e-05,6.54803840356452e-05,0.04149273668392051,6.54803840356452e-05,6.54803840356452e-05,6.54803840356452e-05,6.54803840356452e-05,6.54803840356452e-05,6.54803840356452e-05,6.54803840356452e-05,6.54803840356452e-05,6.54803840356452e-05,6.54803840356452e-05,6.54803840356452e-05,6.54803840356452e-05,6.54803840356452e-05,6.54803840356452e-05,6.54803840356452e-05,6.54803840356452e-05,6.54803840356452e-05,0.08298547336784104,6.54803840356452e-05,6.54803840356452e-05,6.54803840356452e-05,6.54803840356452e-05,0.08298547336784105,6.54803840356452e-05,6.54803840356452e-05,0.04149273668392051,6.54803840356452e-05,6.54803840356452e-05,0.08298547336784104,6.54803840356452e-05,6.54803840356452e-05,6.54803840356452e-05,6.54803840356452e-05,6.54803840356452e-05,6.54803840356452e-05,6.54803840356452e-05,6.54803840356452e-05,6.54803840356452e-05,6.54803840356452e-05,6.54803840356452e-05,6.54803840356452e-05,6.54803840356452e-05,6.54803840356452e-05,0.04149273668392052,6.54803840356452e-05,0.04149273668392052,6.54803840356452e-05,6.54803840356452e-05,6.54803840356452e-05,6.54803840356452e-05,6.54803840356452e-05,6.54803840356452e-05,0.04149273668392052,6.54803840356452e-05,6.54803840356452e-05,6.54803840356452e-05,6.54803840356452e-05,6.54803840356452e-05,6.54803840356452e-05,6.54803840356452e-05,6.54803840356452e-05,6.54803840356452e-05,6.54803840356452e-05,6.54803840356452e-05,6.54803840356452e-05,6.54803840356452e-05,6.54803840356452e-05,0.08298547336784104,6.54803840356452e-05,6.54803840356452e-05,6.54803840356452e-05,6.54803840356452e-05,6.54803840356452e-05,6.54803840356452e-05,6.54803840356452e-05,6.54803840356452e-05,6.54803840356452e-05,6.54803840356452e-05,6.54803840356452e-05,6.54803840356452e-05,6.54803840356452e-05,6.54803840356452e-05,6.54803840356452e-05,0.04149273668392052,6.54803840356452e-05,6.54803840356452e-05,6.54803840356452e-05,6.54803840356452e-05,6.54803840356452e-05,6.54803840356452e-05,6.54803840356452e-05,6.54803840356452e-05,6.54803840356452e-05,6.54803840356452e-05,6.54803840356452e-05,6.54803840356452e-05,0.04149273668392052,6.54803840356452e-05,6.54803840356452e-05,6.54803840356452e-05,6.54803840356452e-05,6.54803840356452e-05,6.54803840356452e-05,6.54803840356452e-05,6.54803840356452e-05,6.54803840356452e-05,6.54803840356452e-05,6.54803840356452e-05,0.04149273668392052,6.54803840356452e-05
2018-11-07 02:00:00,Context_2,0.0024527726118573705,0.0024527726118573705,0.0012263863059286853,0.0024527726118573705,6.54803840356452e-05,6.54803840356452e-05,6.54803840356452e-05,0.006131931529643426,0.029433271342288445,0.009811090447429482,0.0012263863059286853,6.54803840356452e-05,0.0012263863059286853,0.002452772611857371,0.02084856720078765,0.011037476753358168,6.54803840356452e-05,6.54803840356452e-05,0.0012263863059286853,0.008584704141500796,0.0012263863059286853,0.0171694082830016,0.013490249365215541,0.0036791589177860564,0.0012263863059286853,6.54803840356452e-05,0.0012263863059286853,6.54803840356452e-05,0.012263863059286857,0.0036791589177860564,0.028206885036359763,0.0012263863059286855,0.007358317835572111,0.003679158917786057,6.54803840356452e-05,6.54803840356452e-05,0.0012263863059286853,0.12141224428693985,0.013490249365215541,6.54803840356452e-05,0.013490249365215541,0.0024527726118573705,0.0036791589177860564,0.022074953506716337,0.0012263863059286853,0.0036791589177860564,6.54803840356452e-05,0.0012263863059286853,0.0012263863059286853,0.0012263863059286853,0.0024527726118573705,0.0012263863059286853,0.007358317835572113,6.54803840356452e-05,0.0171694082830016,0.0036791589177860564,0.008584704141500797,0.0024527726118573705,0.03924436178971793,0.008584704141500797,0.01839579458893028,0.0036791589177860564,0.013490249365215536,6.54803840356452e-05,0.026980498730431082,0.0036791589177860564,0.007358317835572113,0.01594302197707291,0.040470748095646616,0.007358317835572113,0.014716635671144222,6.54803840356452e-05,0.01594302197707291,0.03433881656600319,0.01962218089485896,0.013490249365215541,0.007358317835572111,6.54803840356452e-05,6.54803840356452e-05,6.54803840356452e-05,0.0024527726118573705,0.0012263863059286853,0.0760359509675785,0.013490249365215541,0.0012263863059286853,6.54803840356452e-05,6.54803840356452e-05,6.54803840356452e-05,0.0036791589177860564,0.004905545223714742,0.006131931529643426,0.0024527726118573705,6.54803840356452e-05,0.02084856720078765,0.0012263863059286853,0.0012263863059286853,6.54803840356452e-05,6.54803840356452e-05,0.012263863059286857,0.0012263863059286853,0.020848567200787645,6.54803840356452e-05,0.0085847041415008,0.006131931529643426,0.0036791589177860564,0.0036791589177860564,0.02820688503635977,0.006131931529643427,0.006131931529643426,0.0012263863059286853,0.004905545223714742,0.02452772611857371,0.002452772611857371,6.54803840356452e-05,6.54803840356452e-05,0.006131931529643426,0.0024527726118573705,0.0036791589177860564,0.002452772611857371,0.0036791589177860564,0.004905545223714741,0.0012263863059286853,6.54803840356452e-05,0.007358317835572111,0.0036791589177860564
